회관_ID,주소,좌표,공유_회중_수,함께_사용하는_회중_목록
"57513fa5-e97f-5b97-b2bf-2f4d7ea37921","제주 서귀포시 안덕면 일주서로 1918 (덕수리 698-1)","33.251097, 126.313002",2,"제주서귀포대정 (📞 010-9369-0874) | 제주서귀포중문 (📞 064-792-2635)"
"102badc4-73eb-5e3f-9c54-e79bcfb46b15","제주 제주시 한림읍 명월성로 302 (협재리 452-2)","33.382117, 126.263084",1,"제주제주한림 (📞 (064)796-1513)"
"6a98013d-04be-5af3-8799-c3d98c017d63","제주 서귀포시 현청로 44 (서홍동 2000)","33.26485, 126.554969",4,"제주서귀포동부 (📞 0647628689) | 제주서귀포중앙 (📞 064-732-1914) | 제주서귀포중국어 (📞 010-3339-1935) | 제주서귀포서부 (📞 064-732-1914)"
"e7fbd9aa-14b8-5cf5-ae03-425563a0b009","제주 서귀포시 성산읍 온평관전로 38 (온평리 570-1)","33.411815, 126.901979",2,"제주서귀포성산포 (📞 010-5860-0314) | 제주성산포중국어 (📞 064-784-1914)"
"062dac86-4952-5e93-8f16-35e0284cb732","제주 제주시 애월읍 수산곰솔길 115 (구엄리 964)","33.471907, 126.382371",4,"제주서부중국어 (📞 010-9313-0259) | 제주제주외도 (📞 010-2757-2602) | 제주제주애월 (📞 064-712-1204) | 제주제주하귀 (📞 010-5057-0001)"
"d201f806-8265-5e5a-bbad-01612bf21254","제주 제주시 조천읍 신북로 338-14 (조천리 791)","33.539867, 126.647294",1,"제주제주조천 (📞 064-784-5509)"
"6bf884a8-ab62-5b1c-ba81-56ce3fdab49d","제주 제주시 삼봉로 222-1 (도련일동 1004)","33.50244, 126.593807",1,"제주제주삼양 (📞 064-726-1914)"
"1eef669d-3d1b-5c00-81df-9c35f87db1cf","제주 제주시 중앙로 681-1 (아라일동 623-5)","33.463943, 126.55014",4,"제주제주북부 (📞 010-6814-1074) | 제주제주서부 (📞 0647021931) | 제주제주동부 (📞 064-702-1931) | 제주수어 (📞 01066491914)"
"cc9263d5-543a-564a-b7d5-9ce27a828616","제주 제주시 1100로 2977 (노형동 288-1)","33.452485, 126.486112",5,"제주중국수어 (📞 010-4018-0326) | 제주동부중국어 (📞 010-4477-8387) | 제주제주노형 (📞 050-6778-8831) | 제주제주연동 (📞 010-9114-8200 (Eng 010-2474-3651)) | [집단] 제주제주연동영어"
"a367926b-10da-5d4b-92c8-34bb4a97f3cc","제주 제주시 구좌읍 일주동로 3368-22 (하도리 2665-1)","33.517296, 126.875134",1,"제주제주구좌 (📞 010-4852-8824)"
"3419b567-268a-5ec6-8b8b-5cd38aba0ac9","전남 진도군 진도읍 교동5길 55 (교동리 614)","34.485056, 126.25645",2,"전남진도 (📞 061 544 2416) | [집단] 전남진도신할리즈어"
"db998c66-872a-5895-98ab-3fd253dfe23c","8170324 長崎県対馬市美津島町久須保 567-53","34.278265, 129.366013",1,"長崎県対馬市美津島 (📞 090-5783-4023)"
"043e3b99-9104-598f-9e23-e45d8e3939b1","전남 영암군 삼호읍 대불산단5로 5-15 (난전리 465-1)","34.747075, 126.447473",1,"전남삼호 (📞 01047919585)"
"2335afdb-a0db-56cf-ad62-d628e2c4a1e6","전남 목포시 산정로199번길 26, A동 (산정동 225-105)","34.804506, 126.387562",2,"전남목포중앙 (📞 061-278-1914) | 전남목포죽교 (📞 061-278-1914)"
"528a99e9-9b02-53da-bf6e-30cc61d21f0d","전남 목포시 산정로 199번길 24 B동 (산정동 225-89)","34.805042, 126.388555",3,"전남목포서부 (📞 061 278 1914) | 전남목포북부 (📞 070-4334-2297) | 전남목포수어 (📞 010-2930-1793)"
"babaa6eb-1fb4-5a57-bfc3-dda0210f2136","전남 해남군 황산면 명량로 1461 (남리리 16-2)","34.574141, 126.431452",1,"전남황산 (📞 010 2492 0909)"
"b897e318-07b1-5b52-a647-0b6db72ae846","전남 무안군 삼향읍 종월길 15 (임성리 969-1)","34.823093, 126.444725",2,"전남목포동부 (📞 061-285-1914) | [집단] 전남목포동부중국어"
"2f198592-93a6-572e-83b2-ffcff1ab7f79","전남 해남군 해남읍 남부순환로 208 (남외리 357-1)","34.569206, 126.591824",1,"전남해남 (📞 01024060333)"
"342ccc97-baf1-562d-8567-af328f64948e","전남 강진군 강진읍 향교로 31 (동성리 247-1)","34.642271, 126.77523",2,"전남강진수어 (📞 061-433-9353) | 전남강진 (📞 010-6293-2800)"
"9706a90d-c4d2-589b-b08d-398f76ee17ef","전남 영암군 영암읍 새동네길 13 (교동리 228-5)","34.795432, 126.69",1,"전남영암 (📞 061-473-1357)"
"dcdd4102-5527-50ea-ab2a-11b0a01e8635","전남 고흥군 고흥읍 남계리 48","34.621344, 127.295646",1,"전남고흥 (📞 (010-6609-3322))"
"871457fe-106f-507e-9bac-3c00803ac1dd","전남 보성군 벌교읍 백천길 10-10 (척령리 433-2)","34.838247, 127.320123",1,"전남벌교 (📞 010-3622-3360)"
"97de4526-15b4-5fb2-9d3f-684ae1882ee0","전남 여수시 돌산읍 우두3길 6 (우두리 696-80)","34.724551, 127.744724",3,"전남여수동부 (📞 010-9470-5080) | 전남여수돌산 (📞 061-662-1914) | 전남여수남부 (📞 01040460479)"
"e2d48213-ab87-55ba-b86c-7b6f6772669c","전남 여수시 문수8길 31 (문수동 479-5)","34.753892, 127.693174",1,"전남여수서부 (📞 01027551341)"
"169d17a4-ee93-5006-87ab-1a3e60eb94ff","전남 여수시 여천길 30-6 (여천동 62)","34.771514, 127.665835",2,"전남여수신기 (📞 061) 686-1914) | 전남여수안산 (📞 061-686-1914)"
"ec7eeb83-4722-5093-85d5-ab62b6f41f56","8171722 長崎県対馬市上対馬町大浦冷水原 619","34.66895, 129.43837",1,"長崎県対馬市上対馬"
"37fd1e94-64d3-55b0-9006-d7f21771f7ac","전남 무안군 해제면 창매로 52-1 (천장리 541)","35.077002, 126.296839",1,"전남해제 (📞 010-9213-1211)"
"c31c4e83-6a29-560e-ac9c-00a0419b566e","전남 나주시 주면2길 8 (이창동 601)","34.997721, 126.703655",1,"전남나주남부 (📞 0613351914)"
"08fd98b7-94fc-5bbd-a874-efad274a5378","전남 함평군 학교면 학다리길 439 (사거리 621-26외 2필지)","35.021022, 126.534298",2,"전남함평 (📞 010-2284-1934 ) | 전남무안 (📞 061-452-1914)"
"a2c0efa9-7227-58e6-a228-2be44caadb1d","전남 나주시 대호길 22-21 (성북동 17-7)","35.037574, 126.720489",2,"전남나주중앙 (📞 01031005857) | 전남나주동부 (📞 010-9128-7869)"
"9da0ce91-c787-588a-93e8-bd78d97272e1","광주 광산구 수남길 52 (장수동 424-75)","35.184162, 126.783285",4,"광주하남 (📞 062-952-1540) | 광주신가 (📞 062-952-1540) | 광주월곡 (📞 062) 952-1540) | [집단] 광주월곡러시아어"
"5b792259-60d8-52df-a6f9-ec9149582c6b","전남 화순군 화순읍 덕음로 980 (삼천리 394-4)","35.047638, 126.98613",2,"전남이양 (📞 0613738996) | 전남화순 (📞 061-373-1914)"
"3013a052-7218-51c6-829f-1ce3ab462cdf","광주 동구 화산로238번길 18-8 (용산동 456)","35.115213, 126.920948",2,"광주효덕 (📞 062-226-1914) | 광주방림 (📞 062 226 1914)"
"46ac5a26-3470-502e-9c32-57616eb7af54","광주 동구 화산로238번길 18-12 (용산동 453)","35.115159, 126.920354",2,"광주양림 (📞 062-234-1423) | 광주학동 (📞 062-234-1423)"
"41df5945-5ae0-5005-b518-9c3386632d52","광주 남구 봉주5길 33 (주월동 697-1)","35.138657, 126.889679",3,"광주월산 (📞 062-671-1914) | 광주백운 (📞 062-671-1914, 070-4214-0030) | 광주화정남부 (📞 062-671-1914)"
"05bc0ef4-f123-50f9-8390-4147664dc105","광주 북구 무진성길64번길 13 (두암동 973-4)","35.162588, 126.939986",3,"광주문화 (📞 010-4451-4422) | 광주지산 (📞 010-2058-7962) | 광주산수 (📞 062-262-1914)"
"3b5c04a7-594a-5c66-840d-1741574f70b2","광주 동구 무등로304번길 16 (계림동 842)","35.161788, 126.915366",3,"광주경양 (📞 010-9614-4321) | 광주동부 (📞 010-4693-0790) | 광주남부 (📞 0623651914)"
"f4e752dd-8f5e-5037-86a2-f861b2e797ac","광주 서구 풍서좌로299번길 21 (세하동 153-4)","35.126743, 126.837853",3,"광주쌍촌북부 (📞 010-3676-7121) | 광주쌍촌남부 (📞 062-374-1914) | [집단] 광주쌍촌북부중국어"
"13fb761b-6e21-5dda-ae82-87053d5e59a8","광주 서구 화운로193번길 9 (화정동99-2)","35.155906, 126.875675",3,"광주광천 (📞 062-383-1914) | 광주화정북부 (📞 0623831914) | 광주수어 (📞 062-383-1914)"
"8e8cd042-a897-5169-89c1-a128acaba281","광주 북구 서림로 73-7 (임동 135-136)","35.165361, 126.896023",3,"광주서림 (📞 010-2253-1935) | 광주오치 (📞 010-7458-1914) | 광주영어 (📞 010-9619-3621)"
"13ff1306-8490-5fe8-a49f-c6fa90dfad2a","광주 북구 비엔날레로 30 (운암동 128-7)","35.175396, 126.887257",1,"광주신안 (📞 062-531-1914)"
"61b1aa70-a380-5028-bb97-69b588069009","광주 북구 대자로 48-13 (운암동 442-3)","35.172721, 126.87795",3,"광주서산 (📞 010-5095-1313) | 광주동림 (📞 062-529-9235) | 광주운암 (📞 010-7124-8890)"
"03c6ada4-f85a-51c7-acba-93d302136897","광주 광산구 금봉로44번길 53-10 (소촌동 18-6)","35.150848, 126.805291",4,"광주송정동부 (📞 062-942-2611) | 광주송정중앙 (📞 062-942-2611) | 광주송정서부 (📞 010-6280-1935) | [집단] 광주송정서부베트남어"
"8d101971-9ceb-52f7-a8a9-59e6ac6ca880","전남 광양시 남산4길 26 (광영동 724-2)","34.960061, 127.725216",1,"전남광양동부 (📞 061-791-1914)"
"7c27fd8a-a5ed-528d-9bf3-ea1d165bda01","경남 하동군 하동읍 연화길 50-11 (읍내리 560-3)","35.076144, 127.751708",1,"경남하동 (📞 01051917581)"
"c771a84f-91bb-5f1b-a81a-65a72ea06669","전남 광양시 중동1길 20 (중동 1361-24)","34.939771, 127.690735",2,"전남광양중부 (📞 0617941914) | 전남광양서부 (📞 010-8530-0730)"
"cc80b42d-1bc5-520d-9604-fd9ee6f6c82f","전남 광양시 광양읍 서평7길 16 (구산리 779-2)","34.981087, 127.578072",3,"전남광양북부 (📞 061-761-6525) | 전남순천수어 (📞 01029595997) | 전남광양남부 (📞 061-761-6525)"
"d820fb96-5ef6-5366-a1cc-d4472e61e193","전남 순천시 상성길 249-64 (연향동 302-4)","34.941751, 127.531834",4,"전남순천조례 (📞 061-721-6080) | 전남순천금당 (📞 061-721-6080) | 전남순천동부 (📞 061-721-6080) | [집단] 전남순천조례영어"
"6fe7c735-6110-582f-86b7-0b2cbd697d18","경남 사천시 양정기길 104 (신벽동 480-10)","34.978616, 128.063789",2,"경남진교 (📞 0558821914) | 경남사천삼천포 (📞 055-832-1914)"
"90ca09eb-dc58-595f-bd9b-b14183557586","경남 사천시 사천읍 동문로 89","35.08603, 128.097007",2,"경남사천공항 (📞 010-6560-4950) | 경남사천중앙 (📞 010-2064-5257)"
"7233549a-e8e0-53d2-b043-71d2ee5cf901","경남 진주시 내동면 순환로 425-36 (독산리 525)","35.164638, 128.06473",3,"경남진주북부 (📞 01048564744) | 경남진주강남 (📞 01038940109) | 경남진주서부 (📞 010-3161-1914)"
"d0105027-6ba3-5cc5-9d53-ab229fa3eb0d","경남 진주시 하대로34번길 11-24 (하대동 452)","35.191194, 128.113172",3,"경남진주남부 (📞 010-7444-0474) | 경남진주동부 (📞 055-753-1914) | [집단] 경남진주동부수어"
"494051fc-4e99-5834-a4e2-867b232701c3","경남 남해군 경상남도 남해군 남해읍 남해대로 2983-12 (경상남도 남해군 남해읍 심천리 826)","34.853836, 127.892536",2,"경남삼동 (📞 055-867-8481) | 경남남해 (📞 055-864-1914)"
"dfb6506f-be43-5eeb-a308-f29141fc48a3","경남 고성군 고성읍 동외로164번길 36 (동외리 164-4)","34.97582, 128.328015",1,"경남고성 (📞 055-672-6956)"
"fc14828a-93eb-5f3a-8e6e-089ff73b1214","경남 창원시 마산합포구 진동면 요장1길 29 혜창한마음비치 상가 201 (요장리 393-2)","35.111747, 128.490833",1,"경남창원진동 (📞 055-271-1912)"
"da4d4891-01a8-58c7-b91e-13cae815ace0","경남 통영시 광도면 향교옆길 87 (죽림리 430)","34.87623, 128.410324",4,"경남통영동부 (📞 010-9961-1914) | 경남통영서부 (📞 055-644-4023) | 경남통영수어 (📞 01022064416) | [집단] 경남통영서부테툰딜리어"
"11a6b9e4-daaf-5004-b6a1-3eda7009efdc","경남 거제시 옥포로20길 37-1 (옥포동 522-12)","34.895161, 128.694839",3,"경남거제옥포동부 (📞 010-5960-0323) | 경남거제옥포서부 (📞 010-5116-1935) | [집단] 경남거제옥포동부러시아어"
"845cb6c4-5d94-5513-9732-2e015082728a","부산 강서구 신호산단3로 66 202호 (신호동 214 삼성빌딩)","35.087196, 128.880115",2,"경남창원남문 (📞 010-4423-2342) | 부산녹산 (📞 051-941-1914)"
"203b1fd3-33b3-513c-82fb-9b5797d7a1ca","경남 거제시 양정1길 2 (양정동 190-3)","34.866226, 128.648539",4,"경남거제장승포 (📞 010-5590-7332) | 경남거제고현동부 (📞 010-6487-9856) | 경남거제고현서부 (📞 010-3572-3893) | [집단] 경남거제고현서부베트남어"
"7f4b8b2c-ab42-5e98-9585-271a10ff9594","경남 거제시 거제면 동상3길 38 (동상리 258)","34.851386, 128.596666",1,"경남거제중앙 (📞 010-7934-5058)"
"d49e191f-1138-52e4-885d-5b248a330cd2","부산 영도구 태종로 382 동구빌딩 601호 (청학동 105-3)","35.092864, 129.065283",2,"부산청학 (📞 010-6797-3537) | 부산영선 (📞 +821045971914)"
"a0ceb8a2-9f59-5578-b73f-cc25dda94426","부산 중구 보수북길 5 그린빌 아파트 201호 (보수동1가 24-2)","35.106702, 129.023316",3,"부산대신 (📞 010-4339-3446) | 부산남부수어 (📞 0512422787) | 부산충무 (📞 010-2062-1978)"
"e3bd60e5-b965-52cd-ba5c-bfc1555e0e80","부산 사하구 서포로30번길 9, 제702, 703호 (구평동 506-1 더스퀘어구평)","35.08249, 128.98616",3,"부산신평 (📞 01022564884) | 부산감천 (📞 01088632854) | 부산다대 (📞 010-6319-5752)"
"363f9a73-8525-5ef7-9000-25a949827f65","부산 남구 동명로92번길 91 미주아파트 상가 201호 (용호동 480-2)","35.11647, 129.10839",2,"부산용호북부 (📞 010-3266-2302) | 부산용호남부 (📞 051-623-1914)"
"e72d5c9a-f7fe-5237-a052-d5cbbb78a3b1","부산 남구 수영로 237 801호 (대연동 1741-8 대연메디타워 801호)","35.135436, 129.092642",3,"부산우암 (📞 051-621-1935) | 부산영어 (📞 0517279222) | 부산대연 (📞 051-621-1914)"
"fceb72df-e686-5646-9819-273d7cd194dd","부산 부산진구 신암로66 범천LH아파트 상가 302호 (범천동 1644)","35.147467, 129.054764",3,"부산수정 (📞 010-3595-4463) | 부산중앙 (📞 051-633-1914) | 부산범천 (📞 051 633 1914)"
"5970aa20-14d1-5052-802d-74bfa8cabaff","부산 사하구 낙동대로 542 대우에덴프라자 311호 (하단동 492-2)","35.11231, 128.964981",4,"부산엄궁 (📞 051-313-1914) | 부산하단 (📞 010-2039-6315) | 부산신촌 (📞 010-8250-1088) | 부산사하 (📞 010-3800-8278)"
"089d93ca-9688-5628-9de5-749561ea3c9f","부산 부산진구 가야대로 635-12 금호그랜드타운 303호 (당감동 109-4)","35.156368, 129.041666",4,"부산당감 (📞 010-4599-3168) | 부산주례 (📞 010-9392-4815) | 부산남부중국어 (📞 01092961914) | 부산가야 (📞 01052201914)"
"4678a1b3-9c5e-5ca8-8be0-561f60203b5c","부산 수영구 장대골로7번길 45 광안유림노르웨이아침 503호 (광안동 744-32)","35.157457, 129.112763",4,"부산망미 (📞 01056620657) | 부산북부수어 (📞 010-3070-9649) | 부산수영 (📞 010-6771-1935) | 부산광안 (📞 010-3120-0404)"
"5c1d4de2-f6a1-56af-8b67-0df79961366f","부산 부산진구 연수로 62 아세만 화니-뜨 B동 상가 301호 (양정동 7-9)","35.175165, 129.077669",2,"부산연산 (📞 051-865-4395) | 부산양정 (📞 051-865-4395)"
"702d473e-aa64-53cf-a0aa-197802496a82","부산 부산진구 성지로94번길 87 초읍대우아파트 상가 201호 (초읍동 508)","35.180414, 129.057435",1,"부산연지 (📞 051-819-9566)"
"6f8b5482-78a3-5e8d-ae34-c9e806d70e98","부산 연제구 과정로344번길 22 한양상가 302호 (연산동 307-10)","35.19082, 129.092308",1,"부산연천 (📞 051-864-1914)"
"0582ddb1-1599-5807-9aed-39c8800c798d","부산 동래구 사직북로 18 대성빌딩 602호 (사직동 77-37)","35.197503, 129.060758",2,"부산사직 (📞 051-505-9799) | 부산거제 (📞 010-4804-3360)"
"5f6de156-7ee3-5dc2-930c-595ad89e9882","부산 동래구 온천천로269번길 38 (수안동 35-59)","35.197778, 129.085208",1,"부산수안 (📞 051-558-3553)"
"97f5db11-82a5-5593-85b8-415600a26b3f","부산 해운대구 송정1로 9 (송정동156-2)","35.182211, 129.198896",3,"부산해운대동부 (📞 051-703-5522(010-5112-4219)) | 부산해운대중부 (📞 010-8540-4190) | 부산해운대서부 (📞 010-4111-5599)"
"02e02875-6a2f-50cb-b090-427814c4ac75","전남 영광군 법성면 연우로2길 7-4 (법성리 806-1)","35.364926, 126.4438",1,"전남법성포 (📞 061-356-7007)"
"53369372-e29e-53e1-8855-9901a85bb40c","전북 고창군 고창읍 소반7길 15-3 (석교리 11-20)","35.441205, 126.694091",1,"전북고창 (📞 010-3982-1914)"
"39219def-6703-5c2c-818e-a7f597b508e2","전남 영광군 영광읍 신남로1길 64-9 (신하리 461-1)","35.274191, 126.496041",1,"전남영광 (📞 061-353-8620)"
"55a34490-5599-5742-ab7f-67f8fda1f504","전남 장성군 장성읍 청운12길 10 (영천리 1484-21)","35.306113, 126.785725",2,"전남장성남부 (📞 0613946086) | 전남장성북부 (📞 061 394 6086)"
"93cea97a-c636-52be-95bb-010083b842e0","전남 담양군 수북면 사창동길 65 (수북리 180)","35.299365, 126.930578",2,"전남대치 (📞 061-382-0645) | 전남담양 (📞 010-8959-8475)"
"ea78fd9c-7bbc-5369-a29f-94952d409289","전남 담양군 창평면 창평로 566-22 (창평리 557-10)","35.238369, 127.010062",1,"전남창평 (📞 0613831935)"
"d9d39d57-c5d9-5803-a43a-cf9b07e32359","전북 순창군 풍산면 풍산로 49 (죽전리 603-1)","35.324529, 127.1396",2,"전남옥과 (📞 010-8833-0876) | 전북순창 (📞 063-653-2830)"
"f58d773f-f6b3-5e92-915a-f29d2b29ae5b","광주 북구 자라봉로 33-1 청암아파트 상가 301호 (양산동 101)","35.208248, 126.877626",3,"광주양산남부 (📞 010-7150-5777) | 광주일곡 (📞 010-9601-4601) | 광주양산북부 (📞 010-3611-0579)"
"5a788c96-3fac-51cc-ae52-2963fa3146dc","광주 광산구 북문대로 500-21 (수완동 1-2)","35.201451, 126.842425",3,"광주수완 (📞 010-3690-7610) | 광주월계서부 (📞 010-4054-8551) | 광주월계동부 (📞 010-5608-0224)"
"dd3b14df-fda7-51f6-8aea-1746c2064c9b","전북 남원시 충열길 15 (동충동 392-1)","35.412762, 127.378206",5,"전북남원동부 (📞 063-631-1935) | 전북남원서부 (📞 063-625-4468) | 전북남원중앙 (📞 063-631-1935) | 전북남원남부 (📞 063-625-4468, 063-631-1935) | 전북남원수어 (📞 (영상통화)010-5243-1914)"
"cac740f9-b731-5866-ab03-c2feadac399c","전남 곡성군 곡성읍 낙동원로 43 (읍내리 618-3)","35.285488, 127.300044",1,"전남곡성 (📞 061-363-1931   010-8623-0772)"
"f181657d-6700-548b-9e66-1b518482d0e3","전남 구례군 구례읍 돌틈길 16-8 (구례읍 백련리 46-2)","35.216916, 127.461128",1,"전남구례 (📞 010-3610-3340)"
"2b68230b-564b-520e-a30a-91eaca076963","경남 산청군 산청읍 꽃봉산로100번길 12 (옥산리 216)","35.411808, 127.875199",1,"경남산청 (📞 055-974-1914)"
"de507665-f29f-5222-b976-72265eba8fc3","경남 함안군 가야읍 장터길53 안흥빌라트상가 201호 (말산리 58-83)","35.277386, 128.408178",1,"경남함안 (📞 055-582-0972)"
"8bc5da1e-5cf5-5c64-897f-8a34b1a91fde","경남 의령군 의령읍 의병로 167-10 (서동리 286-10)","35.319959, 128.25502",1,"경남의령 (📞 055-573-1935)"
"833ac468-c78f-5b44-81b3-f1cbc5b32b93","경남 창녕군 도천면 불미골길 9 (도천리 724)","35.421612, 128.512642",1,"경남남지 (📞 01057771793)"
"efa2d52f-b8fe-5498-b068-635391473a9d","경남 창원시 마산회원구 내서읍 구미길 26-21 (호계리 258-5)","35.251847, 128.52245",3,"경남칠원 (📞 010 5016 8390) | 경남창원중리 (📞 010-6644-4664) | [집단] 경남칠원네팔어"
"8b1bb8fa-0771-5fde-a7b8-b2e67c4f4ca9","경남 밀양시 상남면 평촌길 42-23 (평촌리 1032-4)","35.412269, 128.774365",2,"경남밀양하남 (📞 010-5757-8301) | 경남밀양상남 (📞 055-355-7779)"
"7199da65-c409-54c0-bad6-c360d10fa008","경남 창원시 의창구 대산면 주남로 295 (제동리 624)","35.313302, 128.694326",1,"경남창원동읍 (📞 070-8836-1435)"
"50145a9d-2bd9-57f1-8141-0d6e3ad6a0fd","경남 김해시 진영읍 진영로 265번길 149 (신용리 434)","35.303717, 128.757396",2,"경남김해진영 (📞 010-9415-2825) | 경남김해영어 (📞 010-2748-9078)"
"464b96c9-ccb5-5f6d-92c5-9564035fdaf2","경남 밀양시 용평로1길 16-7 (내일동 21-1)","35.49286, 128.760096",1,"경남밀양동부 (📞 010-2907-5753)"
"3c767147-d749-5885-aa6d-f5676aa440cf","경남 창원시 성산구 원이대로393번길 25 희연빌딩 3015호 (반지동 78)","35.239978, 128.662547",4,"경남창원명서 (📞 010-5165-3123) | 경남창원서부 (📞 010-6257-3189) | 경남창원중앙 (📞 010-3368-8335) | 경남창원소답 (📞 01083412899)"
"6d9ce98a-d6eb-57a2-a662-8cbc6b66d070","경남 창원시 성산구 토월로44번길 16 (상남동 59-1)","35.216321, 128.682959",5,"경남창원남양 (📞 055-266-1914) | 경남창원경화 (📞 055-551 -1914) | 경남창원석동 (📞 01028455830) | 경남창원남부 (📞 055-266-1914) | 경남창원동부 (📞 010-7222-9233)"
"551aba2c-0bcf-50bd-8a93-856477961a15","경남 김해시 장유로 99-26 (부곡동 656)","35.212158, 128.800775",3,"경남김해장유동부 | 경남김해장유서부 (📞 0553130368) | 경남김해장유남부 (📞 0553130368)"
"c84e138a-381f-50ed-b91a-7d1a21f2403c","경남 김해시 금관대로1354번길 5-19 (내동 1073-2)","35.243842, 128.86698",4,"경남김해내동 (📞 010-5596-5101) | 경남김해북부 (📞 010-8551-2465) | 경남김해외동 (📞 055 328 1914) | [집단] 경남김해외동중국어"
"21990982-c7e3-58f0-a8be-1e1e9e4f7749","경남 김해시 외동 1263-3, 초이스빌딩 606, 607호","35.230588, 128.870285",4,"경남김해중부 (📞 한국어 - 01099080244) | 경남김해러시아어 (📞 010-3570-0662) | 경남김해서부 (📞 055-334-1935) | [집단] 경남김해서부네팔어"
"bb99cb48-7ac0-566a-8e5e-0b706c193e37","경남 창원시 마산합포구 성호서11길 29 (성호동 9)","35.209988, 128.568858",7,"경남창원석전 (📞 01029617587) | 경남창원월영 (📞 055-299-1914, 055-221-5459) | 경남창원구암 (📞 055-299-1914) | 경남창원자산 (📞 010-7646-7070) | 경남창원수어 (📞 010-7417-0500) | 경남창원교방 (📞 010-5364-1914) | 경남창원양덕 (📞 010-4856-4277)"
"3e31da7e-4b2c-5922-b1de-02b2eb41b628","경남 양산시 고향의봄12길 68 (신기동 134-4)","35.353472, 129.047838",2,"경남양산동부 (📞 010-7257-1093) | 경남양산북부 (📞 010-4201-5412)"
"f1431b0e-3239-5a9c-a4e6-c2ca70e0e3d1","경남 양산시 평산중앙4길 20 새진흥7차아파트 상가 201호 (평산동 51-5)","35.385015, 129.151175",1,"경남양산덕계 (📞 010 6599 1935)"
"9aa7205c-5da5-5f0f-b6af-9d1232b886a5","경남 양산시 물금읍 증산역로 180 양산 네오앤스타 803, 804호 (증산리 1776-4)","35.308427, 129.009279",5,"부산금곡북부 (📞 01052702015) | 경남양산서부 (📞 010-3028-1440) | 부산금곡남부 (📞 01096071935) | 경남양산범어 (📞 01028635098) | [집단] 부산금곡북부영어"
"99e1a192-490c-5557-98c2-30702d8bba73","경남 양산시 삼호9길 13-13 (삼호동 498-3)","35.414717, 129.172434",1,"경남양산서창 (📞 010-2516-0235)"
"eeaa2067-a71c-535d-b4c7-bcfdd6578a13","부산 금정구 금강로 758 남화기수타워 201호 (청룡동 31-2)","35.274992, 129.089235",1,"부산남산 (📞 010-3591-6383)"
"088c5ec7-e30d-55fc-8213-2970b2a3497c","부산 금정구 부곡온천천로 126 삼승렉스풀 501호 (부곡동 225-36)","35.237284, 129.088962",3,"부산구서 (📞 010-9907-1914) | 부산북부중국어 (📞 010-3585-8663) | 부산부곡 (📞 051-516-7153)"
"135f1a4e-954f-5a6a-8d3d-5c652bc98340","부산 북구 금곡대로303번길 35 해경빌딩 504호 (화명동 2272-2)","35.235473, 129.011672",1,"부산화명남부 (📞 051-336-0056)"
"b5b82ae7-4870-518f-baaf-903ec2385f69","울산 울주군 삼남면 반구대로 321-3 (가천리 660-103)","35.525974, 129.099367",2,"울산삼남 (📞 010-6790-9573) | 울산언양 (📞 052-264-1036)"
"b6f69246-cdfb-55fe-9528-80904e4405d1","부산 동래구 금강로 69 온천프라자 306, 307호 (온천동 435-1)","35.215581, 129.077362",1,"부산온천 (📞 01038619963)"
"7f8567cc-ce74-58e4-9a32-8c083668662f","부산 해운대구 반송로 525번길 25 IT타워 202, 203호 (석대동 634)","35.219148, 129.120193",6,"부산재송 (📞 010-2695-4837) | 부산금사 (📞 01045708010) | 부산서동 (📞 010-8003-0005) | 부산반여 (📞 010-7932-2211) | 부산반송 (📞 010-5729-1914) | 부산동래 (📞 010-3608-0652)"
"78dfd6f6-6a58-5fff-b622-45d06404bdc4","부산 기장군 기장읍 배산로 66 (기장읍 서부리 447)","35.249349, 129.212139",2,"부산기장정관 (📞 010-4847-5982) | 부산기장 (📞 010-3595-5893)"
"37ab0c7e-bb18-54e1-a060-f8de39db1a86","부산 북구 덕천로 188 벽산라인타운 상가 303호 (만덕동 774-7)","35.210934, 129.024576",3,"부산덕천 (📞 051-341-9444) | 부산만덕 (📞 051-341-9444) | [집단] 부산만덕베트남어"
"8c81542e-db8e-5817-88cf-8d6c3a4ecb4a","부산 강서구 부산 강서구 낙동북로 172 (대저1동) 202,203,204호","35.2145, 128.947526",4,"부산사상 (📞 010-3800-4364) | 부산대저 (📞 010-4843-4041) | 부산구포 (📞 051-333-1914) | 부산모라 (📞 010-6554-8292)"
"85efc40d-8304-5a8f-bce7-755774c2cdb1","경남 김해시 김해대로2529번길 20-1 (어방동 1113-3)","35.23021, 128.903498",4,"경남김해활천 (📞 055-328-2074) | 경남김해수어 (📞 010-7931-2021) | 경남김해안동 (📞 010-3086-1914, 010-2291-7868) | 경남김해삼방 (📞 055-328-2074)"
"c3bcb067-2967-5cbb-b860-82f49dfa3f34","울산 울주군 온산읍 서영남길 82-4 (덕신리 1343-1)","35.438068, 129.304516",1,"울산온산 (📞 01055676533)"
"997dda87-69a5-5f4f-88c3-8e74cb1d0625","울산 동구 월봉11길 21 (화정동 869-2)","35.493781, 129.421148",1,"울산방어진 (📞 010 4543 8308)"
"a0b63c1d-2e5e-5804-8a5a-35aabae36b98","울산 남구 화합로 31번길 39 (야음동 58-7)","35.527005, 129.339022",3,"울산삼산 (📞 052-257-1914, 010-8522-1914) | 울산야음 (📞 010-4543-1304) | 울산신정 (📞 010-5448-6237)"
"d9dcd216-61f2-51d8-b19c-d622ace7fd81","전북 부안군 부안읍 아제순제길 126 (서외리 457-1)","35.722664, 126.725156",3,"전북부안 (📞 063-581-1914) | 전북김제서부 (📞 010-4655-8374) | 전북김제동부 (📞 010-3191-4477)"
"92e635dc-7269-5301-883a-4d39703f595c","전북 부안군 줄포면 선돌로 1364 (장동리 701-1)","35.596844, 126.678408",1,"전북줄포 (📞 063-584-1918)"
"f66d708f-78ed-5757-896e-d45ed04e85ee","전북 정읍시 태인면 정읍북로 1237-5 (태창리 233-40)","35.651667, 126.936889",1,"전북정읍태인 (📞 010 6324 4980)"
"a856e18d-387f-5488-82c9-81642c71b2d2","전북 전주시 완산구 쑥고개옛길 104 (삼천동3가 695-2)","35.794166, 127.075188",3,"전북전주서부 (📞 063-229-1935) | 전북전주효자남부 (📞 063-229-1935) | 전북전주삼천남부 (📞 01074331191)"
"fa8fdd2f-e55b-50bb-a450-6e0ea964033b","전북 전주시 완산구 금성길 5 (석구동 499-1)","35.765375, 127.126409",4,"전북전주평화동부 (📞 063-224-5543) | 전북전주남부 (📞 010-4451-1914) | 전북전주평화서부 (📞 010-2906-7541) | [집단] 전북전주남부중국어"
"ee9e4f7f-1483-5180-8d8c-837bbc434920","전북 전주시 완산구 신촌3길 19-9 (중화산동2가 483-6)","35.816258, 127.116218",6,"전북전주서신 (📞 01035238148) | 전북전주영어 (📞 010-2352-4553) | 전북전주수어 (📞 01064630179) | 전북전주중화산 (📞 063-225-1914) | 전북전주효자북부 (📞 01064910320) | [집단] 전북전주서신베트남어"
"7104e8b1-8961-5091-a607-5a6aff5b6f45","전북 전주시 덕진구 숲정이2길 23-2 (진북동 834-58)","35.83057, 127.130275",2,"전북전주진북 (📞 070-4045-1935) | 전북전주중앙 (📞 070-4045-1935)"
"96bcca7a-b1be-55fb-918f-31368c32bdb1","전북 전주시 덕진구 매봉16길 19 (금암동 1569-7)","35.837571, 127.141115",2,"전북전주금암서부 (📞 063-275-9218) | 전북전주금암동부 (📞 063-275-9218)"
"773f26bf-f92b-5f4d-94d7-473dc580082e","전북 정읍시 수성1로 56-7 (수성동 965-2)","35.57725, 126.85315",2,"전북정읍남부 (📞 010-6611-3186) | 전북정읍서부 (📞 01036586054)"
"a1eda564-e30f-53f2-b03b-303bd160edfc","전북 전주시 덕진구 전미중앙로 76 (전미동2가 106-4)","35.879823, 127.105442",3,"전북전주조촌 (📞 063-253-1911) | 전북전주송천 (📞 063-253-1911) | 전북전주팔복 (📞 063 253 1911)"
"7d55cafa-7520-563b-8f50-8d1c6c5c3851","전북 전주시 덕진구 전미중앙로 76 (전미동2가 106-2)","35.880348, 127.10551",2,"전북전주우아북부 (📞 063-253-1912) | 전북전주덕진 (📞 063-253-1912)"
"cc580358-ccd6-5445-bd3b-23c4e9b37b48","전북 진안군 진안읍 상역로 39 (군상리 763-10)","35.797066, 127.422596",1,"전북진안 (📞 (063)433-1459)"
"9ddaaf77-4478-54a5-ba74-6a2f31e86b82","전북 임실군 임실읍 봉황3길 11-4 (성가리 4-1)","35.61294, 127.27701",1,"전북임실 (📞 (063)644-1932)"
"e6d044f1-cf48-508d-93df-d6a7eb7a3ef9","전북 전주시 완산구 간납로 11-5 (풍남동3가 26-16)","35.81698, 127.155255",2,"전북전주동부 (📞 010-4993-1312) | 전북전주풍남 (📞 010-6859-9430)"
"8d91ea4e-d574-5dea-a99d-eda9aa83eb76","전북 전주시 덕진구 팽나무4길 29-5 (인후동1가 778-10)","35.834212, 127.155267",3,"전북전주인후 (📞 063-245-7875) | 전북전주북부 (📞 063-245-7875) | 전북전주노송 (📞 063-245-7875)"
"a1625619-3c2e-57d7-b0b7-2970ef8a4cda","전북 전주시 덕진구 안골 5길 11 (우아동3가 757-13)","35.842845, 127.155693",1,"전북전주우아남부 (📞 0632421082)"
"97cde121-39cb-52d1-92ee-d0d31509358d","전북 장수군 장수읍 남동샛길 14-5 (장수리 654-1)","35.644738, 127.51634",1,"전북장수 (📞 010-3004-0579)"
"c246837e-159b-5a50-bd15-b0ac2a8b184c","대구 달성군 현풍면 현풍동로25길 6 (현풍면 상리 530)","35.699452, 128.448026",1,"대구현풍 (📞 010-7125-7115)"
"e489547e-50eb-5504-8d0e-4503de038c5a","경북 고령군 대가야읍 연조3길 1 (연조리 593-9)","35.730012, 128.264677",1,"경북고령 (📞 010-3150-4219)"
"f2d8db09-4279-5329-865b-43179165e262","대구 달서구 화암로 331 청사빌딩 402호  (대곡동 1038-3)","35.804262, 128.519382",2,"대구화원동부 (📞 053-633-1914) | 대구화원서부 (📞 053 633 1914)"
"70342dfe-254d-51a3-8119-d1d88e2b6e2e","대구 달서구 월곡로 184 상인리빙프라자 501호 (상인동 1525-1)","35.812656, 128.544837",3,"대구월배 (📞 010-6667-9325) | 대구월성 (📞 010-5002-2237) | 대구상인 (📞 010-4001-6363,010-2212-9759)"
"2bb020a5-c591-5c8f-a0d3-8fa55c953090","대구 달서구 성서로 420 메가타운 609호 (이곡동1244 메가타운)","35.855085, 128.507831",4,"대구다사 (📞 010-3425-3374) | 대구죽전 (📞 010-7273-2113) | 대구중국어 (📞 010-8585-3987) | [집단] 대구죽전중국어"
"fb2cc324-9ad6-5cce-b8c5-8f5ef0987313","경남 창녕군 창녕읍 창밀로 170 (도야리 366-1)","35.557732, 128.506414",1,"경남창녕 (📞 055-533-7959)"
"c000e1eb-1050-54c6-b663-afb84010fadf","경북 청도군 청도읍 고수산복길 97 (고수리 657-2)","35.640507, 128.742841",1,"경북청도 (📞 054-371-5683)"
"ea6e36e7-4bfe-52df-b07f-8f5dea78f2e3","경북 경산시 장산로29길 20 (삼북동 281-1)","35.820136, 128.740677",3,"경북경산압량 (📞 053-812-8126) | 경북경산동부 (📞 053-812-8126) | 경북경산서부 (📞 053-812-8126)"
"a6021126-4dd5-5750-9900-927629a584b5","경북 경산시 성암로21길 37-14 명신상가 302호 (옥산동 726-1)","35.828805, 128.72591",2,"경북경산북부 (📞 01025156951) | 경북경산남부 (📞 010-2629-3575)"
"333a00b3-834a-58bb-92bc-2f85cbd0bead","대구 수성구 시지로 50-5 (시지동 489-7)","35.839512, 128.693414",3,"대구동부수어 (📞 010-8253-2822) | 대구고산 (📞 053-794-1935) | 대구지산 (📞 010-5659-5569)"
"4eb059c3-f164-5779-aa72-5ec815a3b8fd","경북 경산시 자인면 중촌천남길 48 (자인면 동부리 174)","35.818468, 128.824563",1,"경북경산자인 (📞 010-4533-1036)"
"eae616ab-8d6a-5ed0-82ed-ff97ac6464f6","대구 수성구 파동로46길 24 (파동 66-3)","35.822065, 128.613016",3,"대구봉덕 (📞 053-768-1914) | 대구두산 (📞 01095485991) | 대구파동 (📞 053-768-1914)"
"673d0924-4fef-5445-8241-4ed9fb854e37","대구 수성구 동대구로 222 우방범어타운 상가 302호 (범어동 672-1)","35.850169, 128.625534",2,"대구수성 (📞 053-752-1914) | 대구황금 (📞 010-3322-7440)"
"aef34abd-4fdd-5589-9c00-799933086fba","대구 동구 메디밸리로 19 (대림동 888-4) 501호","35.874475, 128.749198",3,"대구안심중부 (📞 010-4539-4788) | 경북경산중국어 (📞 053-814-1914) | 대구안심동부 (📞 053-963-5357)"
"78634476-d161-5404-8225-e865197587a6","대구 동구 동부로22길 91-13 대덕리더스텔 201호 (신천동 306-2)","35.867805, 128.628159",3,"대구범어 (📞 053-743-1914) | 대구영어 (📞 +82 10-9559-1935) | 대구신천 (📞 010-3828-7469)"
"5c48c97c-8196-5d5d-8355-93e153fe2d8b","대구 남구 영선시장1길 61 (대명동2007-15)","35.853082, 128.591157",1,"대구남산 (📞 053-472-1914)"
"60d2f6a7-e0d3-5343-b5fd-107e275ca745","대구 중구 국채보상로 720-19 (동인동4가 330-6)","35.867661, 128.609404",1,"대구동부 (📞 053-422-8334)"
"375bdb41-1850-59bc-b26b-1a60454ec006","대구 남구 대명로 103 (대명동1624-9)","35.839812, 128.568981",2,"대구대명 (📞 053-622-1914) | 대구남대구 (📞 01087927001)"
"50319632-d2d5-5637-8f08-6f97109e507c","대구 동구 동촌역사로3길 48 (입석동 893-19)","35.890922, 128.649312",2,"대구신암북부 (📞 01048944853) | 대구동촌 (📞 01023060579)"
"935fb449-af3c-5f44-90c8-7297ff7ffb35","대구 달서구 달구벌대로 1748 벽산타워 503호 (두류동 470-1)","35.85701, 128.55644",4,"대구본리 (📞 0536511914) | 대구두류 (📞 053-651-1935) | 대구내당남부 (📞 010-5528-6822) | [집단] 대구두류베트남어"
"e0085e56-ce97-59be-8a5e-7bb94ccf3827","대구 북구 복현로 105 태왕아너스 상가 201호 (복현동 190-1)","35.899543, 128.62023",2,"대구북부 (📞 070-8820-4259) | 대구복현 (📞 07088204259)"
"09adad7e-5ac5-52de-83c4-61752b368e98","대구 북구 고성로28길 6 (고성동2가 114-15)","35.880913, 128.581091",4,"대구원대 (📞 053-353-0223) | 대구서부수어 (📞 010-4517-1902) | 대구고성 (📞 010-2983-5447) | [집단] 대구원대인도네시아어"
"1305f389-ec7e-5fe8-baae-b18f9d82ff34","대구 서구 국채보상로 316 롯데캐슬 상가 203동 404, 405호 (평리동 1676)","35.870817, 128.565507",2,"대구중리 (📞 010-9961-1935,  010-3514-5684) | 대구평리 (📞 053-556-0807)"
"f879dd0b-3575-58e5-94f1-951bea767f0b","대구 서구 달서천로57안길 12 (비산동 1234-1)","35.888553, 128.564171",1,"대구서부 (📞 053-358-5837)"
"514a5106-3dca-552b-a90c-ef47279dc22b","경북 경주시 건천읍 대곡용명길 19-3 (조전리 16-1)","35.846679, 129.108116",1,"경북경주건천 (📞 054-751-1921)"
"59afee55-d21c-58dd-9d11-10a5d9499dc0","경북 경주시 한빛길14번길 10 (성건동 713-4)","35.851366, 129.205521",3,"경북경주중앙 (📞 010-9871-3164, 010-8487-1914) | 경북경주러시아어 (📞 +82-10-2788-9560) | 경북경주남부 (📞 054-743-4532 / 010-2327-1914)"
"b5ebb3b8-cabd-51c2-b59f-d2ada3c4b06c","경북 경주시 소금강로19번길 12 (용강동 1352-4)","35.860857, 129.222075",2,"경북경주동부 (📞 054-773-4407) | 경북경주북부 (📞 010-6212-0960)"
"47b10f2d-ac60-5e1f-a05b-22a80d6cd6cd","경북 경주시 외동읍 별미길 19 (입실리 805)","35.708271, 129.328877",1,"경북경주외동 (📞 054-773-6523)"
"b0a74374-d349-507d-9f4d-8e59c02fddd1","울산 북구 제내2길 45-7 (신천동 44-3)","35.634251, 129.354063",2,"울산호계동부 (📞 010-2005-3551) | 울산호계서부 (📞 010-8802-7651)"
"dcf61547-4994-58a6-8261-8dfe413337db","울산 북구 화봉로 73, 세한빌딩 601호 (화봉동 449-7)","35.588719, 129.36705",4,"울산수어 (📞 010-8609-0584) | 울산병영 (📞 052-288-1914) | 울산화봉 (📞 052.288.1914) | [집단] 울산화봉베트남어"
"f00d1a88-22dd-5772-85f0-3b58e16961a1","울산 동구 동해안로 530 (주전동 687-4)","35.553678, 129.456552",3,"울산전하 (📞 010-8109-2725) | 울산명덕 (📞 010-7140-1397) | 울산동부 (📞 010-2566-6332)"
"437c16f3-7a1c-57c5-aac4-82344351ec14","울산 중구 서원3길 66-1 (복산동 40-21)","35.561256, 129.33217",4,"울산중국어 (📞 010-3588-9470) | 울산영어 (📞 010-4308-2816) | 울산서부 (📞 052-244-1455) | 울산북부 (📞 010-2960-2554)"
"aec182ee-6da2-5602-b1ad-b6879768e97d","울산 남구 신복로46번길 32, 301호 (무거동 1545-5)","35.551976, 129.258152",2,"울산범서 (📞 052-224-1914) | 울산무거 (📞 052-224-1914)"
"4f2b4461-788f-5b5d-bc8b-cd77775c16dc","충남 서천군 서천읍 군사길49번길 33 (군사리 291-1)","36.079125, 126.697286",1,"충남서천 (📞 041-951-4198)"
"02d4be92-fb1e-5c93-b83f-21bcd9b6661e","전북 군산시 상신4길 24 (나운동 754-10)","35.973637, 126.693829",2,"전북군산중앙 (📞 063- 468-1914) | 전북군산나운 (📞 0634682463)"
"0c1a2327-1738-5757-991f-b72ed8bff209","전북 군산시 진포안1길 7-2 (수송동 69-1)","35.970664, 126.719422",3,"전북군산대야 (📞 063-451-5882) | 전북군산남부 (📞 010-4650-1060) | 전북군산삼학 (📞 063 462 9599)"
"92755b89-d03f-5ed0-adc8-7d2e350e4ef4","전북 군산시 옥서면 옥봉초교길 38-1 (옥봉리 99)","35.92734, 126.64219",1,"전북군산옥구 (📞 063 471 1070)"
"b58b91b5-2995-54eb-95c9-65944d090957","충남 부여군 홍산면 태봉산길 14 (북촌리 160-2)","36.217639, 126.760208",1,"충남홍산 (📞 041-836-3581)"
"dec2b443-e3a6-5ea9-bc0b-f68c83b9edd5","전북 익산시 황등면 황등중앙로 80 (황등리 999-67)","35.999205, 126.943746",3,"전북익산황등 (📞 063-856-7778) | 전북익산서부 (📞 063-856-7778) | 전북익산모현 (📞 010-2655-8736)"
"9cb40f4f-9adc-515a-ae6a-fdb7902b9a6e","전북 익산시 은기길 387 (은기동 16-21)","35.986387, 127.02728",3,"전북익산어양 (📞 063- 831- 1918) | 전북익산부송 (📞 010-4615-3470) | [집단] 전북익산어양베트남어"
"46bb8fdf-9610-5a49-9a06-faea5cb07c01","충남 논산시 연무읍 왕릉로70번길 5 (금곡리 229-3)","36.121194, 127.091232",1,"충남논산연무 (📞 010-3495-1943)"
"9f8a9a7c-22d8-5772-a03d-a7c7b6ab8e51","전북 익산시 춘포로 13 (금강동 283-43)","35.920909, 126.978675",4,"전북익산동부 (📞 010-9040-9275) | 전북익산수어 (📞 010-9859-6866) | 전북익산중앙 (📞 063-841-1935) | 전북익산남부 (📞 01089097802)"
"f34dc174-d029-5638-8983-165b7b8ecd45","충남 논산시 부적면 덕평리 29","36.21379, 127.14385",3,"충남논산동부 (📞 01056164361) | 충남논산연산 (📞 01049362468) | [집단] 충남논산동부캄보디아어"
"88c0ed6e-eab5-52e3-8f7a-a58181aea10a","전북 완주군 삼례읍 과학로 510-28 (신탁리 335-2)","35.91439, 127.12689",2,"전북봉동 (📞 010-8798-5155) | 전북삼례 (📞 063-262-1914)"
"ef1b8412-796c-54ad-82a4-e20fc7878010","충남 금산군 금산읍 사직로 35-1 (상옥리 396-3)","36.101022, 127.477393",1,"충남금산 (📞 010-2611-1255)"
"48e60bbb-957f-5070-bb94-bb1f0d82fe1b","충남 금산군 추부면 하마전2길 15 (마전리 395-2)","36.191852, 127.471454",1,"충남마전 (📞 041 752 8795)"
"cda21ce9-e975-50cd-bf3c-b03547324d0a","전북 무주군 무주읍 향한로 25 (읍내리 712-1)","36.009786, 127.658815",1,"전북무주 (📞 01071017929)"
"3b094819-6f25-521e-98e2-a5bbcc66b222","충북 영동군 영동읍 회동로 135 (회동리 82-20)","36.171905, 127.80232",2,"충북영동남부 (📞 043-744-5574) | 충북영동북부 (📞 043-744-5574)"
"a8d19907-7186-55aa-af79-c719c9b1dcd8","경북 김천시 평화장미길 215 (평화동 106-19)","36.129945, 128.107286",2,"경북김천서부 (📞 010-4644-0907) | 경북김천남부 (📞 010-8577-0444)"
"1605cece-fb06-5819-a571-6e6626c569d8","충북 영동군 황간면 남성동1길 36 (남성리 261-1)","36.230632, 127.913515",1,"충북황간 (📞 043-742-4206)"
"326e823d-1f14-5c75-916a-925c88225b4c","경북 칠곡군 동명면 금암중앙길 25-38 (송산리 3-21)","35.981292, 128.552613",1,"경북동명 (📞 054-976-1935)"
"b352c216-77a1-5829-b0e7-0e6db3d4ae8a","경북 경산시 진량읍 대추마을길7길 17 (부기리 624-227)","35.903177, 128.822145",3,"경북경산진량북부 (📞 010-9776-7854) | 경북경산진량남부 (📞 010-8592-6342) | 경북영천금호 (📞 010-4501-9834)"
"47e96663-808d-5a26-9728-1c8cf80ce6b5","대구 북구 구암로42길 3-1 (구암동 448)","35.930966, 128.563185",2,"대구태전 (📞 010-6583-2203) | 대구구암 (📞 053-325-1914)"
"548951de-6354-5444-8d2e-708e137bc4aa","경북 군위군 군위읍 중앙3길 19-6 (서부리 195)","36.23411, 128.56418",1,"대구군위 (📞 0543832042)"
"b9cb72d9-430e-5c81-80b4-c84cb2af5f6f","경북 경주시 안강읍 구부랑두림길 198 (산대리 2417-8)","35.999728, 129.1979",3,"경북경주안강 (📞 010-6668-0275) | 경북포항대송 (📞 010-2505-6904) | [집단] 경북경주안강영어"
"9fd4d40f-a123-5b1f-8bd5-0e5b42d76d7d","경북 영천시 시장로 106 (완산동) 고은스퀘어 1동 302, 303호","35.963422, 128.941784",2,"경북영천남부 (📞 01052597276) | 경북영천북부 (📞 010-3537-3640)"
"e9c54759-7b0e-5e8d-acd8-4470eacb2d4c","경북 포항시 북구 장량로18번길 24 (장성동 1543-8)","36.080336, 129.382167",2,"경북포항북부 (📞 010-4524-4009) | 경북포항환호 (📞 054-252-1914)"
"6665d590-0b5a-571f-b89a-4f6d5b3c95a0","경북 포항시 북구 흥해읍 흥해로82번길 31-12 (망천리 665-4)","36.11293, 129.352438",3,"경북포항흥해동부 (📞 054-262-1931) | 경북포항수어 (📞 010-9425-1559) | 경북포항흥해서부 (📞 010-5134-7723)"
"1c4dc897-9d23-5676-880a-65b39ce1f813","경북 포항시 북구 용흥로 172 (용흥동 491)","36.042584, 129.345319",4,"경북포항서부 (📞 054-251-1935) | 경북포항죽도 (📞 054-251-1935) | 경북포항남부 (📞 054-251-1935) | 경북포항동부 (📞 010-8751-2696)"
"5c4782c0-f0a2-518b-a0e4-45c867bbe216","경북 포항시 남구 일월로278번길 29 (동해면 석리 210)","35.987881, 129.46548",1,"경북포항구룡포 (📞 054-276-1914)"
"ee5bd4cf-9efc-59fa-bdd2-eae0527c7d19","충남 태안군 안면읍 방포로 71-1 (승언리 339-118)","36.51191, 126.341104",1,"충남안면 (📞 041-673-1914)"
"e27e69a1-02ec-54b3-9297-43824a458f8f","충남 홍성군 광천읍 홍남로744번길 10-12 (광천읍 광천리 40-12)","36.505282, 126.632482",1,"충남광천 (📞 041-642-1100)"
"0b1d6fff-28d0-5634-a3e9-a57e62cc4117","충남 보령시 남포면 보령남로 378 (봉덕리 178-32)","36.312405, 126.599904",2,"충남보령동부 (📞 041 934 3363) | 충남보령서부 (📞 010-7706-0148)"
"e2b79044-8fd8-59de-99ba-43a4476415da","충남 청양군 청양읍 돌담불길 9 (벽천리 434-5)","36.436123, 126.793665",1,"충남청양 (📞 041-943-1914)"
"d75a2ef5-186f-5786-8ddc-c37ccf6d6b55","충남 홍성군 홍성읍 홍장북로 343 (남장리 604)","36.58596, 126.671445",3,"충남홍성수어 (📞 010-7166-2858) | 충남홍성동부 (📞 041-634-1935) | 충남홍성서부 (📞 041-634-1935)"
"c44130ca-eff0-53c7-96b3-e0cb591af4be","충남 공주시 원댕이길 24-10 (금학동 37-4)","36.440509, 127.129127",3,"충남공주북부 (📞 041-853-1914) | 충남공주수어 (📞 010-7770-4131) | 충남공주남부 (📞 041-853-1914)"
"de5e34b8-779d-5c53-95fb-80619fc25d92","충남 부여군 부여읍 사비로 14 (동남리 199-6)","36.27391, 126.910726",1,"충남부여 (📞 010-4213-2025)"
"a387b065-5635-54d2-8d8d-b7d244cd8d0e","대전 유성구 노은서로142번길 20, 2층 (지족동 892-5)","36.372911, 127.316201",2,"대전유성중앙 (📞 042-822-1935) | 대전노은 (📞 042.822.1935)"
"a7083c3f-554c-5444-a7e8-0a42b5791a15","대전 유성구 월드컵대로299번길 14 (구암동 614-20)","36.349245, 127.333778",4,"대전유성남부 (📞 01073596936) | 대전월평 (📞 01053088568) | 대전유성도안 (📞 010 9400 9080) | 대전유성북부 (📞 010-3498-1711)"
"5e537833-405b-5958-bc31-b86a7d0f79eb","대전 대덕구 석봉로58번길 68 (석봉동 321-9)","36.444427, 127.428487",2,"대전송강 (📞 042-934-1914) | 대전신탄진 (📞 042-934-1914)"
"e6d2bfb1-3fe9-5b70-86ae-277426618cf2","대전 서구 남선로9번길 30 (탄방동 939)","36.344779, 127.394501",2,"대전둔산 (📞 010-7257-2314) | 대전갈마 (📞 042-486-0904)"
"67948b70-a252-5334-957b-5e275aba3d46","대전 대덕구 오정로75번길 66-22 (오정동 308-3)","36.351873, 127.406341",1,"대전중국어 (📞 010-9814-5275)"
"fc0677c2-bfa9-52dd-9b5b-7e6173bd2025","세종 세종시 세종특별자치시 도움1로 106 801호","36.502771, 127.248239",4,"세종고운 (📞 01035565074) | 세종보람 (📞 010-3113-9893) | 세종한솔 (📞 010-2945-2000) | 세종도담"
"4922a2ec-383a-549a-9c3e-76a0a586fd11","대전 서구 도산로341번길 25-1 (용문동 270-41)","36.336373, 127.388652",2,"대전가장 (📞 010-6211-5263) | 대전탄방 (📞 01056655961)"
"d4f06869-73a1-5cb8-a5e5-f721df5896cd","대전 대덕구 계족로 532 (중리동 27-4)","36.360199, 127.434061",7,"대전영어 (📞 010-3600-0096) | 대전용전 (📞 010-4411-0582) | 대전중리 (📞 010-5525-1914) | 대전법동서부 (📞 010-6654-5654) | 대전비래 (📞 042-632-1914) | 대전법동동부 (📞 042 - 631 - 2449) | 대전성남 (📞 010-8511-2560)"
"6fcd8142-0744-54ae-87d0-707573161897","대전 중구 계룡로815번길 34 (용두동 94-1)","36.328148, 127.408246",3,"대전서부 (📞 010-4262-9495) | 대전수어 (📞 01035423930) | 대전목동 (📞 01064762924)"
"27ee40b7-5863-5142-a3ac-bba34fe77d08","대전 유성구 교촌로 70 (교촌동 633-1)","36.303627, 127.31605",3,"대전정림 (📞 010-9240-1935) | 대전진잠 (📞 010-2357-8900) | 대전관저 (📞 042-541-1914)"
"3af0ec92-e73a-5bc1-8ffd-d2ce2d05555c","대전 중구 유천로34번길 84 (유천동 137-2)","36.316523, 127.402889",3,"대전변동 (📞 01067515457) | 대전태평 (📞 042 585 8264) | 대전유천 (📞 010-2795-1445)"
"55d4665d-ad00-5755-9cbd-90e70ada2db3","대전 동구 충정로 126-2 (가양동 655-14)","36.343767, 127.450112",2,"대전자양 (📞 010-4942-7701) | 대전가양서부 (📞 010-3454-7987)"
"38cba039-f2b7-5d9d-9a00-d31e1306e249","대전 동구 계족로167 902호 (대동 146-1 대동클리닉)","36.328763, 127.44301",1,"대전대동 (📞 042-272-1935)"
"1f32ab9e-0842-5004-8215-affcd8e380c3","대전 중구 대둔산로184번길 55 (안영동 696-11)","36.285742, 127.381067",3,"대전산성서부 (📞 042-581-9036) | 대전산성동부 (📞 010-4575-0033) | 대전도마 (📞 010-9461-9764)"
"083ef0eb-a5fa-5704-ac33-e6e0d2d1cb92","대전 동구 동부로85번길 13 (용운동 320-5)","36.322942, 127.461618",2,"대전동부 (📞 042-271-9113) | 대전용운 (📞 042-271-9113)"
"4249e54e-a375-568f-8fa8-69da0c32f33e","세종 세종시 연서면 월하천로 307 (쌍전리 2)","36.571968, 127.285521",3,"세종조치원남부 (📞 044-862-1914) | 충북오송 (📞 01029915908) | 세종조치원북부 (📞 044-862-1914)"
"dcfeb720-8eef-5143-8fe9-127e5e756137","충남 계룡시 엄사중앙로 94 계룡프라자 701호 (엄사면 엄사리 182-3)","36.288904, 127.242244",1,"충남계룡 (📞 01040231191)"
"49fd4f93-17e4-5532-beca-c23216bc9c5b","대전 중구 대종로 134-10 (호동 26-1)","36.304288, 127.450638",4,"대전남부 (📞 010-4387-8220) | 대전신흥 (📞 042-273-1914) | 대전석교 (📞 010-9261-1918) | 대전보문 (📞 010-7135-4455)"
"466b3fbe-d59b-530f-a205-1e5a6fafff13","충북 보은군 삼승면 안내삼승로 663 (원남리 210-60)","36.39451, 127.72544",1,"충북보은 (📞 043-542-1935)"
"797f248c-aaf8-59d5-b7be-4e97c0e4ec39","충북 옥천군 옥천읍 대학3길 8 (금구리 94)","36.299321, 127.575055",2,"충북옥천서부 (📞 043-732-8983) | 충북옥천동부 (📞 043-732-8983)"
"505dcb68-1544-5ea4-8bfa-7cd6b09efad2","경북 상주시 식산로 155 (서곡동 45-7)","36.410074, 128.182352",1,"경북상주중앙 (📞 054-534-7736)"
"9da004fb-d068-556b-828e-38486728131f","경북 청송군 경상북도 청송군 진보면 각산리 504-40","36.531765, 129.05276",1,"경북청송 (📞 054-873-1975)"
"fc4603ec-4098-5ec3-b611-88530810d53d","경북 영덕군 강구면 직천길 19 (오포리 244)","36.367544, 129.376769",1,"경북영덕 (📞 054-733-1931)"
"44a3b318-98f3-545b-922f-e822dc473123","충남 태안군 태안읍 송암로 657 (동문리 210-1)","36.744451, 126.305237",1,"충남태안 (📞 041-673-5473)"
"f1f24838-dd45-578b-8863-8332416e3643","충남 서산시 인지면 풍전1길 5-8 (화수리 698-7)","36.768572, 126.419767",3,"충남서산서부 (📞 01040431935) | 충남서산동부 (📞 01074691931) | 충남서산중앙 (📞 01025674822)"
"73897c4b-811e-51a2-8939-afb2b4e9de2c","충남 서산시 대산읍 충의로 1678-7 (영탑리 445-18)","36.916542, 126.443495",1,"충남서산북부"
"5bcb53ea-4577-55bb-99e3-6c4fddf9ba7e","충남 예산군 삽교읍 상하벚꽃길 154 (상하리 217-32)","36.704195, 126.689803",1,"충남삽교 (📞 041-338-3354)"
"f7582ded-5395-535d-abd8-29714af9efee","충남 당진시 신평면 솔안말길 42 (거산리 26-1)","36.879526, 126.759146",1,"충남신평 (📞 010-6602-2197)"
"5ee0fb53-44e3-5996-b6a4-d48e85c32743","충남 당진시 고대면 고대로 170 (진관리 725)","36.933184, 126.59529",1,"충남당진 (📞 041-357-1914)"
"750d7f24-bf69-5085-9ca6-c258be29a4b4","충남 아산시 신창면 서부남로790번길 8 (읍내리 66-5)","36.784692, 126.934364",4,"충남아산도고 (📞 010-8509-0222 [이왕국][조정자]) | 충남아산서부 (📞 0415421935) | 충남아산러시아어 (📞 010-2236-0531) | 충남아산인주 (📞 041-549-1914)"
"460ab328-c300-512d-adb3-e7745e4338b5","충남 아산시 염치읍 송곡길 194-22 (방현리 442-8)","36.808067, 127.008216",3,"충남아산둔포 (📞 041-543-1914) | 충남아산중앙 (📞 01031379098) | 충남아산동부 (📞 010-4997-7111)"
"ec97d86e-d4ec-5ddb-a55a-56efb3b91315","충남 아산시 배방읍 북수동로 17","36.773133, 127.074896",3,"충남아산탕정 (📞 041-534-1914) | 충남아산북수 (📞 041-534-1914) | 충남아산배방 (📞 041-534-1914)"
"2aa455bc-348a-54be-9fb8-d36dd6efab02","충남 천안시 동남구 풍세면 풍서2길 27 (풍세면 풍서리 611-4)","36.71659, 127.11462",1,"충남천안풍세 (📞 010-3090-3992)"
"964d4070-5fc4-5c99-a4c4-26b273ed9041","충남 천안시 서북구 미라1길 29(쌍용동) (쌍용동 925)","36.805027, 127.128422",3,"충남천안봉서 (📞 010-2488-4772) | 충남천안신방 (📞 010-5639-0089) | 충남천안월봉 (📞 010-3641-0034)"
"55b56d52-2df9-5e20-bb8d-6dce86df79c4","충남 예산군 예산읍 석양길 25 (석양리 133)","36.703539, 126.833111",2,"충남예산남부 (📞 041-334-1914) | 충남예산북부 (📞 041-334-1914)"
"73bb7db8-c6a9-5d20-abc2-ad8e8def0473","충남 천안시 서북구 성성1길 121 (성성동 1-69)","36.839508, 127.142659",8,"충남천안백석 (📞 010-5028-3572) | 충남천안중국어 (📞 01089191030) | 충남천안부성 (📞 010-5165-1935) | 충남천안두정 (📞 010-8737-1914) | 충남천안서부 (📞 010-7746-6801) | 충남천안성정 (📞 041-568-1935) | 충남천안불당 (📞 010-2604-4939) | [집단] 충남천안백석영어"
"2ba7d24b-f9bf-57a9-a90d-f39418efa418","충남 천안시 서북구 성환읍 성환1로 320 (성환리 655-1)","36.922703, 127.1285",2,"충남천안성환북부 (📞 010-2421-5904) | 충남천안성환남부 (📞 010-7448-5223)"
"ffd5b02b-7daa-52b0-be24-b8e4dd11570c","충남 천안시 동남구 북면 5산단로 445-13 (상동리 364-5)","36.763978, 127.263187",2,"충남천안병천 (📞 041-556-3678) | 충남천안목천 (📞 041-556-3678)"
"20beb679-8aea-5ff1-ace5-fd01bfa7e71b","충북 청주시 청원구 오창읍 괴정2길 136 (괴정리 614)","36.732752, 127.455504",1,"충북청주오창 (📞 043-217-1914)"
"df08ebc2-c2c5-5f30-9264-031bc5464c7c","충남 천안시 동남구 향교1길 136 (유량동 396-2)","36.812953, 127.17158",5,"충남천안동부 (📞 041-566-1914) | 충남천안북부 (📞 01071463625) | 충남천안중부 (📞 010-3400-1027) | 충남천안수어 (📞 041 566 1914) | [집단] 충남천안중국수어"
"a50dcc9a-c294-59b7-a8b8-3e3db08b7054","충남 천안시 동남구 청수로 69-62 (청수동 180-6)","36.789308, 127.152526",4,"충남천안남부 (📞 01032001559) | 충남천안청수중앙 (📞 010-8760-1431) | 충남천안청수동부 (📞 010-4724-9883) | 충남천안청수서부 (📞 010-4000-2728)"
"63166349-94f1-5af4-a4ca-d41c533a9bad","충북 진천군 진천읍 덕문이1길 11 (삼덕리 403-2)","36.8526, 127.478071",2,"충북진천 (📞 010-9737-1012) | [집단] 충북진천영어"
"3124c28c-9606-54cf-a308-50751c7e5de6","충남 천안시 서북구 성거읍 새터길 87 (성거읍 모전리 73-16)","36.90427, 127.21006",3,"경기안성서운동부 (📞 01028729946) | 충남천안입장 (📞 041-584-1914) | 경기안성서운서부 (📞 031-674-9085)"
"bb2c527c-d09f-5b03-88e5-7a794301ae06","충북 청주시 청원구 사천로 17번길 36 (사천동 14-1)","36.676089, 127.482137",3,"충북청주중국어 (📞 043-215-1914) | 충북청주내덕 (📞 043-216-1914) | 충북청주우암 (📞 043-215-1914)"
"de0a8dd0-6a12-5790-899c-8557594a4783","충남 천안시 서북구 성거읍 남산1길 56-14 (성거읍 소우리180-1)","36.88035, 127.16986",2,"충남천안직산북부 (📞 041-585-4770) | 충남천안직산남부 (📞 041-585-4770)"
"c4df66b0-908a-598e-99f4-2597df07192f","충북 청주시 서원구 사북로63(사직동) (사직동 238-46)","36.64378, 127.478173",4,"충북청주봉명 (📞 043-268-1914) | 충북청주서부 (📞 043-266-1935) | 충북청주복대 (📞 043-268-1935) | [집단] 충북청주복대러시아어"
"3621c803-49da-5fcd-b6c1-42a1b2ca7335","충북 진천군 덕산면 덕금로 625-26 (합목리 391-6)  / 덕산면 덕금로 625-28 수증된 부지 포함.","36.901738, 127.493758",1,"충북진천덕산 (📞 010-4344-6666)"
"a89bb494-7a4e-5034-98ab-8e2226a35087","충북 청주시 서원구 2순환로1480번길 17 (성화동 214-1)","36.607106, 127.445397",3,"충북청주비하 (📞 043-231-1914) | 충북청주강서 (📞 010-5460-0109) | 충북청주가경 (📞 010-4155-5748)"
"23b794c8-13a5-50c8-8e2d-2ddf63acbf80","충북 청주시 서원구 매봉로60번길33-12 (수곡동 215-30)","36.615551, 127.480788",5,"충북청주수어 (📞 010-7381-1914(담당자)) | 충북청주산남 (📞 043-283-4788) | 충북청주수곡 (📞 010-4048-5024) | 충북청주남부 (📞 010 2402 4378) | 충북청주분평 (📞 010-2730-0089)"
"d8de8dba-c586-5ed2-861e-c99d92d7f286","충북 증평군 증평읍 사곡로218-72 (사곡리191-2)","36.789044, 127.621686",1,"충북증평 (📞 043 838 1914)"
"b22b4158-64e5-54ec-bda3-6239338afae6","충북 괴산군 괴산읍 대사4길 63 (대사리 270-1)","36.794064, 127.778892",1,"충북괴산 (📞 0438321935)"
"a2001fcb-ec16-52fd-862f-49813122a93a","충북 청주시 청원구 내수읍 청암로 192-23 (학평리 280)","36.719009, 127.549581",1,"충북청주내수 (📞 043-213-3339)"
"3d5cfb15-24e0-5605-bbc8-36d77c781a94","충북 청주시 상당구 미원면 미원시내3길 42-23 (미원리 174)","36.629517, 127.661551",1,"충북청주미원 (📞 043-296-1933)"
"59955e26-1fc0-529d-be5b-e1a1c8829033","충북 청주시 상당구 1순환로1514번길 16(용정동) (용정동 233-1)","36.627124, 127.520875",3,"충북청주용암 (📞 043-224-9113) | 충북청주금천 (📞 043-297-2172) | 충북청주중부 (📞 010-3482-0900)"
"e3bff738-8e6d-5e19-8794-f20b6ca63e85","충북 충주시 수안보면 중원대로 1258 (수안보면 안보리 274-6)","36.830942, 128.003381",1,"충북충주수안보 (📞 010-6304-1261)"
"c6d5cb10-2d03-5d91-ae97-fc249e35e8d8","경북 문경시 신기동 1064 (신기5길 17)","36.640733, 128.169949",3,"경북문경남부 (📞 054-555-9214) | 경북문경중앙 (📞 054-555-9214) | 경북문경북부 (📞 0545559214)"
"e679df88-ba7f-58e9-aa6c-fb6beff5cb83","경북 예천군 예천읍 경서로 2462-56 (지내리 92) 예천읍 지내리 92-4","36.641754, 128.426863",1,"경북예천 (📞 054-655-1914)"
"d3942a97-6fc8-5550-9dbb-dbd99976a3e3","경북 영주시 풍기읍 기주로76번길 15-6 성동상가 A동 203호 (성내리 35-6)","36.870415, 128.527638",1,"경북영주풍기 (📞 054-637-4400(010-2550-6961))"
"e25bd079-18c6-54e5-a837-38e66ccbadc5","경북 영주시 중앙로 2 (가흥동 1477)","36.818647, 128.617249",2,"경북영주동부 (📞 01044640139) | 경북영주서부 (📞 010-3174-2730)"
"7f2073c8-44af-5d56-bc29-97ed238fb7a8","경북 봉화군 봉화읍 예봉로 2075 (내성리 479)","36.88427, 128.736525",1,"경북봉화 (📞 010-8496-4625)"
"f1e72d09-9283-5ab8-8210-1faaa4669e6a","경북 울진군 후포면 삼율3길 53 (삼율리 121)","36.679118, 129.444997",1,"경북후포 (📞 01085710472)"
"e74ad4af-5016-5c2a-8faf-0ffb48ca2552","경기 화성시 송산면 마도북로 79-2 (봉가리 514-2)","37.205506, 126.740818",2,"경기화성남양 (📞 031-356-8632) | 경기화성사강 (📞 031-356-8632 , 010-2497-9865)"
"06bab2de-7e13-59bb-9cc2-4931e2bad1fc","경기 안산시 단원구 대선로 65-14 (대부북동 1819-20)","37.265998, 126.570542",1,"경기안산대부 (📞 01050021914)"
"2e795c88-7ccd-5c06-b197-edb943136083","경기 오산시 가장로530번길 53-4 (가장동 218-13)","37.156967, 127.035376",1,"경기오산세교 (📞 031-374-1935)"
"f0810f1b-c982-57b7-a99f-e6b3242b932d","주소 정보 미기재","37.1085, 126.89991",1,"[집단] 경기화성발안동부네팔어"
"508b37a9-3cf7-56e7-81c9-fb74be328654","경기 오산시 오산시 오산로 164 양우프라자 702,703호","37.141441, 127.068899",3,"경기오산북부 (📞 010-9955-9285) | 경기오산남부 | 경기오산서부 (📞 010-2984-1914)"
"da47c80c-8757-5123-9b7a-27c91c49e596","경기 화성시 봉담읍 삼천병마로1028번길 22-12 (왕림리 79-40)","37.19789, 126.943835",3,"경기수원고색 (📞 031-292-1914) | 경기화성봉담동부 (📞 031-296-1914) | 경기화성봉담서부 (📞 031-296-1914)"
"f41b9367-fb58-5e6e-a45c-f82bdefc19dc","경기 오산시 대원로 57 중앙씨티월3 703호 (원동 813-5)","37.146592, 127.074767",3,"경기오산동부 (📞 031-378-1914) | 경기오산중앙 (📞 031-376-1914) | 경기화성동탄동부 (📞 031-378-1914)"
"2effbb13-1487-5bc9-9565-f679d020bab4","경기 평택시 지산로140번길 141 (지산동 551-12)","37.0754, 127.07121",4,"경기평택북부영어 (📞 031-664-1914) | 경기평택신장 (📞 010-5316-1235) | 경기평택송북 (📞 031-664-1914) | 경기평택지산 (📞 031-611-1933)"
"a48e31cc-35f0-5029-9e21-9c68846859b5","경기 평택시 둥구재길 35 (이충동 430-3)","37.0597, 127.06236",3,"경기평택이충 (📞 010-7135-3550) | 경기평택고덕 (📞 010-6603-7830) | 경기평택서정 (📞 031-665-1914)"
"87ac52c1-d318-5753-b4a7-2c2e3e4899a7","경기 화성시 병점중앙로 214-31 (진안동 620-2)","37.21756, 127.03156",5,"경기화성병점동부 (📞 031-222-4045) | 경기화성병점남부 (📞 0312224045) | 경기화성동탄서부 (📞 01094445734) | 경기화성병점서부 (📞 031-222-4045) | 경기수원영어 (📞 0312224045)"
"9f5fb992-a986-54f4-92c4-e6e574f905f5","경기 화성시 장안면 장안로 111-6 (어은리 346-1)","37.08798, 126.83018",3,"경기화성발안동부 (📞 010-9441-3961) | 경기화성발안서부 (📞 010-9193-1772) | 경기화성조암 (📞 031-358-1914)"
"db61163d-0693-5fc2-bdc7-0829b215c9c3","경기 평택시 칠괴길 106 (칠괴동 494)","37.025398, 127.080733",7,"경기평택수어 (📞 01047851943) | 경기평택북부 (📞 031-664-1935) | 경기평택동삭 (📞 010-5786-2346) | 경기평택동부 (📞 010-6425-7406) | 경기평택오성 (📞 031-664-1935) | 경기평택중국어 (📞 031-664-1935) | 경기평택지제 (📞 010-4600-9682)"
"e8fde578-c7e9-5640-91a1-e5c71a04218e","경기 수원시 권선구 세지로28번길 49-26 (세류동 1096-7)","37.254841, 127.018881",4,"경기수원신곡 (📞 010-4441-1914) | 경기수원권선 (📞 010-3060-4589) | 경기수원중국어 (📞 010-5832-2492) | 경기수원유천 (📞 031-267-1914)"
"34b67db0-bf77-5b42-b08e-e844c5604578","경기 화성시 동탄순환대로 696 경서프라자 601. 602호 (영천동 681-5)","37.20699, 127.111079",4,"경기화성동탄중앙 (📞 031-372-1935) | 경기화성동탄남부 (📞 031-372-1935) | 경기화성동탄신리 (📞 010-2933-4469) | 경기화성동탄북부 (📞 031-372-1935)"
"d77f74cb-cc96-5416-aee1-ec390a709dc7","경기 수원시 영통구 덕영대로1555번길 13 세일빌딩 501호 (영통동 974-6)","37.246788, 127.060795",3,"경기수원영통 (📞 031-206-1914) | 경기수원수어 (📞 010-8406-0829) | 경기수원매탄 (📞 0312061914)"
"ec56cf9a-022c-5ef6-b9f2-1c8e3ed499db","경기 수원시 권선구 상탑로21번길 22-3 (탑동 783-11)","37.271994, 126.97349",3,"경기수원금곡 (📞 031-294-1935) | 경기수원남부 (📞 010-6317-8025) | 경기수원서둔 (📞 031-294-1935)"
"4540e562-4572-5580-9e67-fc1004ec34b7","경기 수원시 팔달구 인계로 126 미디어시티빌딩 401호 (인계동 1036)","37.267127, 127.031275",1,"경기수원동수원 (📞 031-221-1914)"
"97e5008e-ab5b-5234-9705-2fe200ef5448","경기 수원시 팔달구 덕영대로697번길 7 아트프라자 803 (화서동 644-7)","37.28502, 126.990466",2,"경기수원화서 (📞 031-243-1914) | 경기수원서부 (📞 010-6252-9713)"
"10648a41-2246-59a8-be2e-853cf37d3937","경기 용인시 기흥구 기곡로 1-28 (하갈동 86-6)","37.250953, 127.102856",4,"경기용인기흥서부 (📞 0312822831) | 경기용인기흥동부 (📞 031-282-2831) | 경기용인흥덕 (📞 031-282-2831) | 경기용인신갈 (📞 031-282-2831)"
"97e12516-5fb4-5a75-a575-8fc4b3a779c9","경기 평택시 어인남로 37 (비전동 519)","36.99564, 127.09986",4,"경기평택소사 (📞 031-654-1914) | 경기평택남부 (📞 010-9698-5289) | 경기평택중앙 (📞 031-664-1935) | 경기평택비전 (📞 010-5522-6399)"
"7f96a28d-e3e9-578a-ac37-d4281c23a5ab","경기 평택시 팽성읍 근내안길 32 (근내리 238-27)","36.971803, 127.054075",4,"경기평택팽성 (📞 031-653-3582) | 경기평택남부영어 (📞 010-4748-0064) | 경기평택러시아어 (📞 010-4632-9937) | [집단] 경기평택남부영어타갈로그어"
"e26e185d-2c5f-5eda-96a1-f5ee5c5d921a","경기 평택시 현덕면 인광2길 55-41 (인광리 321-6)","36.96267, 126.92969",4,"경기평택포승 (📞 010-9259-0361) | 경기평택안중 (📞 010-2765-4755) | 경기평택현덕 (📞 01043547179) | 경기평택청북 (📞 010-4003-4446)"
"d6881a4e-f1c5-596e-902d-1b1846698215","경기 수원시 장안구 경수대로744번길 7 (연무동 255-18)","37.290737, 127.023337",3,"경기수원연무 (📞 031-244-0592) | 경기수원우만 (📞 010-2925-0683) | 경기수원동부 (📞 031-244-0592)"
"97d74efa-63e2-5fa2-aebc-059be4827263","경기 수원시 장안구 대평로90번길 20, 엔타운 601호 (정자동 876-1)","37.296419, 126.993977",3,"경기수원천천 (📞 031-269-1935) | 경기수원중앙 (📞 031-269-1935) | 경기수원북부 (📞 031-269-1935)"
"189027c6-c9ea-520b-988c-8c0f1cb096bf","경기 안산시 상록구 둥지길 23 (사동 1303-1)","37.297516, 126.851241",5,"경기안산본오서부 (📞 010-4080-6090) | 경기안산사동북부 (📞 031-418-5560) | 경기안산본오남부 (📞 031-418-5567) | 경기안산사동남부 (📞 010-3496-1914) | 경기안산본오동부 (📞 031-418-5567)"
"62b3d46d-6061-5609-b4ae-550eb833eac8","경기 용인시 기흥구 언동로30번길 28-12 (언남동 10-1)","37.286617, 127.133082",2,"경기용인구성 (📞 031-286-2448) | 경기용인구갈 (📞 031-286-2448)"
"6d362ab2-83c9-588b-800c-290d5c4810d9","경기 용인시 처인구 석실로54번길 2","37.176914, 127.342008",1,"경기용인백암 (📞 031-332-0271)"
"60c638c4-2dbb-5dda-ae97-a8bd4ca327a6","경기 안성시 죽산면 죽주로 43-18 (두현리 507-1)","37.074172, 127.401705",3,"경기안성죽산 (📞 010-4895-0482) | 충북광혜원 (📞 01032669252) | [집단] 충북광혜원중국어"
"61172846-45d1-5704-b1dc-a67d244a061a","경기 용인시 처인구 경안천로42번길 9 (마평동 720-8)","37.236877, 127.21131",2,"경기용인동부 (📞 031-333-1914) | 경기용인중국어 (📞 010-4941-5883)"
"3b7e4d5f-9b0e-5dab-828d-66b55d86e2a2","경기 안성시 금광면 배티로 735 (오산리 520-1)","36.9773, 127.306365",5,"경기안성북부 (📞 010-7638-1431) | 경기안성중앙 (📞 010-7749-8137) | 경기안성러시아어 (📞 010-6782-3119) | 경기안성남부 (📞 01064213016) | [집단] 경기안성북부타이어"
"fa943893-27e3-5cfe-aca9-817c9e517882","경기 안성시 공도읍 신두만곡로 101 (신두리 333-10)","36.99849, 127.194923",5,"경기안성양기 (📞 01074259305) | 경기안성대덕 (📞 031-652-0053) | 경기안성정봉 (📞 010-6302-1754) | 경기안성만정 (📞 010-9553-1914) | [집단] 경기안성진사영어"
"5e248565-8a8c-5fc7-b0cd-d58c22497566","경기 용인시 처인구 영문로29번길 40 (유방동 19)","37.267907, 127.204918",6,"경기용인서부 (📞 010-6820-4228) | 경기용인중앙 (📞 031-339-7035) | 경기용인북부 (📞 010-3766-5274) | 경기용인남부 (📞 031-334-1914) | 경기용인포곡 (📞 010-8846-1671) | [집단] 경기용인북부베트남어"
"3f2f2040-59eb-55a4-8d27-4fa51d938e60","경기 안성시 경기도 안성시 공도읍 승두리 24 및 22-2","36.994287, 127.174362",3,"경기안성반제 (📞 01031371910) | 경기안성진사 (📞 010-7478-7445) | 경기안성승두 (📞 010-3109-2264)"
"526d948f-f3c4-5669-b790-2bfeabb7e298","경기 용인시 기흥구 동백중앙로 193, 동창프라자 504호 (중동 849-1)","37.271064, 127.152634",2,"경기용인어정 (📞 031-282-1914) | 경기용인동백 (📞 031-282-1914)"
"a2d50dd1-8edf-54b5-8b3f-74069315f031","경기 이천시 장호원읍 복숭아로 413 (오남리 90)","37.10905, 127.63236",2,"경기이천장호원동부 (📞 031-641-1914) | 경기이천장호원서부 (📞 031-641-1914)"
"c40378b4-9e72-5bd9-89dd-d4dcd9190976","충북 음성군 금왕읍 생음대로 1296-20 (정생리 318-2)","37.003482, 127.602138",2,"충북음성 (📞 010-9340-4585) | 충북금왕 (📞 010-2926-8503)"
"3f0d7ae5-c87a-5ac4-8ac4-e0f3dc8dc922","경기 이천시 부발읍 황무로2065번길 245 (가산리 306-3)","37.241248, 127.518486",5,"경기이천동부 (📞 010-9025-9898) | 경기이천남부 (📞 010-2846-9893) | 경기이천부발 (📞 010-2206-2669) | 경기이천수어 (📞 01046961914) | [집단] 경기이천부발캄보디아어"
"c49a37ba-725f-5352-aba6-5275f16eeffa","충북 충주시 주덕읍 새터마치길 146 (주덕읍 신양리 18-2)","36.972983, 127.806765",1,"충북충주주덕 (📞 043-844-0171)"
"38fa7206-eb30-5527-b42d-c9cf28583e25","경기 여주시 흥천면 중부대로 2185-26 (신근리 928)","37.297165, 127.545782",5,"경기이천백사 (📞 010-9179-9927) | 경기여주서부 (📞 010-3007-5709) | 경기이천서부 (📞 010-2769-2740) | 경기여주동부 (📞 010-3352-2090) | [집단] 경기이천서부영어"
"406c5f2f-8d71-5245-b6fb-519ce45cef8c","충북 제천시 봉양읍 북부로9길 30 (연박리 992-6)","37.135195, 128.104765",1,"충북제천봉양 (📞 010-2129-9119)"
"fe7125bc-cf26-5bec-8d15-4e6fcfab31fd","충북 충주시 엄정면 동막강현길 337 (엄정면 용산리 337)","37.088084, 127.906101",1,"충북충주엄정 (📞 010-3606-3046)"
"75d1c5e8-dfd8-5832-b03c-f4afffc84acb","충북 충주시 남산14길9 (교현동 280-3)","36.96795, 127.94338",5,"충북충주북부 (📞 043-857-1914) | 충북충주동부 (📞 043-857-1914) | 충북충주서부 (📞 010-3736-4783) | 충북충주남부 (📞 010-8980-0506) | 충북충주연수 (📞 010-9901-2665)"
"8c7d82f5-14d2-5fc3-8987-194f950e6e3e","충북 제천시 용두천로 254(장락동) (장락동 669-7)","37.148567, 128.220023",3,"충북제천북부 (📞 010-5310-1328) | 충북제천동부 (📞 043-646-1914) | 충북제천남부 (📞 010-4222-1671)"
"c9e9f0a0-8a7d-512b-a917-41cbff760963","충북 단양군 단양읍 별곡1로 10 (별곡리 344)","36.98387, 128.36617",1,"충북단양 (📞 010-5064-1914)"
"d003913b-671a-5fec-a0d0-9c477ba382b4","강원 정선군 사북읍 소금강로 3570 (사북1리 275-3)","37.229301, 128.833967",1,"강원사북 (📞 033-592-1914)"
"2b493143-90ff-5cd0-a067-4e767ad29a83","강원 태백시 서황지로 12-6 (황지동 25-120)","37.172504, 128.989834",2,"강원태백북부 (📞 033-552-0340) | 강원태백남부 (📞 033-552-0340)"
"7dfa5819-997c-52ff-8715-7075ff640c37","인천 동구 송림로 96, 송림메디칼 1002호 (송림동 60-5)","37.475778, 126.645333",2,"인천송림 (📞 010-3242-0947) | 인천신포 (📞 032 - 764 - 5109)"
"4577e404-9fea-5ce0-81d3-320764e025d2","인천 미추홀구 경인로 119, 다복빌딩 1301-1303호 (숭의동 60-24)","37.466448, 126.655958",4,"인천주안북부 (📞 010-4464-5356) | 인천숭의 (📞 010-4624-6936) | 인천주안동부 (📞 032 - 435 - 8554) | 인천주안서부 (📞 010-2154-7000)"
"2b56f5a5-3b30-5093-a2c5-9796f97391d5","인천 Seo-gu 신진말로 39 건지빌딩 701호(가좌동 197-13)","37.493376, 126.680182",5,"인천가정 (📞 032-571-1914) | 인천도화 (📞 010-9233-6533) | 인천가좌 (📞 032-575-1914) | [집단] 인천가좌캄보디아어 | [집단] 인천도화베트남어"
"9d65f801-d4c1-517f-a713-2c28531fd6ff","인천 중구 하늘별빛로65번길 7-9 (중산동) 406호","37.4885, 126.56456",4,"인천영종중앙 (📞 010-9440-1393 ) | 인천영종남부 (📞 010-2418-2651) | 인천영종북부 (📞 010-4502-9864) | [집단] 인천영종북부중국어"
"dea1ae95-0c04-53a5-85fb-d720d505940c","인천 연수구 옥련로 147 현프라자 제601호 (옥련동 340-2외 5필지)","37.425624, 126.655839",4,"인천옥련 (📞 032-833-1914) | 인천용현 (📞 010-3797-7512) | 인천송도서부 (📞 01053430268) | 인천학익 (📞 032)867-1762)"
"cf43bf7f-1160-50bc-94da-a96290d2655a","인천 부평구 마장로 75 대경빌딩 602호 (십정동 186-84)","37.485537, 126.707698",1,"인천동암 (📞 032) 522-5270)"
"7c946ae7-c574-5d05-84b4-deee41f27ecc","인천 남동구 인하로521번길 27 (구월동 1171-9)","37.444416, 126.70465",3,"인천구월동부 (📞 01036688182) | 인천영어 (📞 010-3451-1914) | 인천구월서부 (📞 01092596681)"
"a4f94645-6036-5978-94d0-fc9f728316b2","인천 연수구 용담로 115 파크타워 701호 702호","37.41512, 126.677792",4,"인천송도동부 (📞 010-8881-1944) | 인천청학 (📞 010-8864-4479) | 인천연수 (📞 010-4751-6292) | 인천러시아어 (📞 01083882919)"
"a14ad790-f66f-54ab-b0ab-7aaa119bf818","인천 남동구 석산로 209-1 (간석동 31-7)","37.460831, 126.71544",5,"인천만수남부 (📞 032-437-1914, 032-428-1914) | 인천중국어 (📞 01075310500) | 인천만수북부 (📞 032-437-1914) | 인천만수동부 (📞 010-8769-8644) | 인천간석 (📞 010-5171-8279)"
"00c2b07b-c5b9-550d-9fc5-b8e6759d5165","인천 서해구 심곡로56번길 16-1 (심곡동 260-12)","37.540685, 126.675606",4,"인천연희 (📞 032-564-1935) | 인천신현 (📞 0325641935) | 인천청라 (📞 0325651914) | 인천심곡 (📞 032-565-1914)"
"a82b915b-369e-5544-b083-0c532cc8b8d0","인천 계양구 마장로 549 영진빌딩 303호 (효성동 506-19)","37.527288, 126.704963",4,"인천효성서부 (📞 032-549-1914) | 인천청천 (📞 032-549-1914) | 인천백마장 (📞 032-549-1914) | 인천효성동부 (📞 032-549-1914)"
"8699141c-53fe-5137-9c2b-564d97c176dd","인천 부평구 주부토로 231 갈산홈프라자 306호 (갈산동 171-45)","37.515787, 126.726107",3,"인천부평중앙 (📞 032-504-1914) | 인천부평북부 (📞 032-504-1914) | 인천갈산 (📞 032-504-1914)"
"e28ec8ca-fbbc-5b22-b9f6-0dab91b02af3","인천 부평구 수변로 8 파워프라자 406호 (부개동 304)","37.487273, 126.739751",3,"인천일신 (📞 010-5948-2191) | 인천부평서부 (📞 010-3052-2285) | 인천수어 (📞 010-6314-4719)"
"46f11fe0-73a7-5be1-97e0-140444de16cf","인천 남동구 오봉로 2, 302호 (도림동 632-1)","37.416541, 126.727752",3,"인천도림 (📞 +8201095960582) | 인천논현동부 (📞 010-3253-0258) | 인천논현서부 (📞 010-7168-8204)"
"8bc2b5f0-541e-57b6-80b7-ac50ac184854","인천 남동구 매소홀로 1108 서창프라자 401호 (서창동 554-1)","37.438172, 126.745725",2,"인천서창 (📞 0324671999) | 인천수산 (📞 032-467-1999)"
"43ff2f0e-648c-5e53-a1a5-50ca576dfa86","인천 계양구 오조산로7번길 4 성우프라자 501호 (작전동 910-8)","37.531369, 126.736855",2,"인천작전 (📞 032-551-1913) | 인천계산남부 (📞 032-551-1913)"
"c86ffd7a-f478-5393-9945-7500330f31be","경기 부천시 원미구 (Do Not Use) 부일로237번길 23 테마프라자 703호 (상동 459-1)","37.489465, 126.756421",3,"경기부천중동남부 (📞 010-9370-5604) | 경기부천중동서부 (📞 010-9455-8887) | 경기부천중국어 (📞 010-7344-1959)"
"6692922a-a692-5de7-9767-aa62e897eabe","인천 부평구 영성중로 50 미래타워 404호 (삼산동 391-3)","37.520631, 126.745507",3,"인천삼산남부 (📞 010-63637560) | 인천삼산동부 (📞 010-4666-5333) | 인천부개 (📞 032-528-1914)"
"c0786176-10f1-57d7-a514-2293fb2fa317","인천 계양구 장제로 873 대건프라자 501호 (임학동 67-7)","37.545091, 126.738278",3,"인천계산동부 (📞 032-547-1914) | 인천계산북부 (📞 032-547-1970) | 인천임학 (📞 032-547-1970)"
"512deca3-0ef1-5e24-a0cc-116350fd59e6","경기 부천시 소사구 (Do Not Use) 경인로 190 부천라비앙로제 408호 (심곡본동 588)","37.483578, 126.776434",2,"경기부천서부 (📞 010-9002-2141) | 경기부천남부 (📞 032-667-1914)"
"ceaf6dc7-49b8-5b6a-bd7f-7f14d4d2665e","경기 시흥시 월곶해안로161번길 15, 월곶 유호N플러스빌 108동 201호 (월곶동 1012-1)","37.388739, 126.735312",4,"경기시흥정왕서부 (📞 010-3001-1970) | 경기시흥정왕동부 (📞 010-3318-5949) | 경기시흥정왕남부 (📞 010-3671-5824) | [집단] 경기시흥정왕동부베트남어"
"27ced82a-7a01-5b15-9288-3cf70029fade","인천 Seo-gu 청마로167번길 16 당하프라자 4층 (당하동 1095-4)","37.592613, 126.674903",3,"인천검단남부 (📞 0325671914) | 인천검단북부 (📞 032-567-1914) | 인천검단중앙 (📞 032-567-1914)"
"60d56b17-a355-5c1f-b927-20170fd8d5d6","경기 부천시 원미구 (Do Not Use) 도약로 261 부천대우테크노파크 A동 204호 (도당동 187-7)","37.511485, 126.777967",3,"경기부천오정 (📞 0326707090) | 경기부천원미동부 (📞 032-670-7090) | 경기부천약대 (📞 032-670-7090)"
"33dea943-e69d-5554-9a97-cea37d8d7ec0","경기 부천시 원미구 (Do Not Use) 원미로 126 명성프라자 503호 (원미동 94-5)","37.493808, 126.791432",2,"경기부천중앙 (📞 010-9195-7404) | 경기부천원미서부 (📞 010-4222-5055)"
"11b66538-2ebf-575d-a5e4-45d0e3cf7c18","경기 부천시 소사구 (Do Not Use) 소사로102번길 13 동우프라자 302호 (소사본동 400-3)","37.468002, 126.798235",3,"경기부천역곡동부 (📞 010-3026-8519) | 경기부천동부 (📞 010-4534-1914) | 경기부천소사남부 (📞 010-5473-1934)"
"89ba1ca5-f46c-58fb-be5d-5e626fd338bf","서울 동작구 사당로193, 낙원빌딩 3층 (사당동 220-85)","37.485353, 126.970001",2,"서울사당북부 (📞 02-537-9890) | 서울사당남부 (📞 010-3874-0503)"
"2268a15e-5652-5be0-a66f-8ee6f42cbaef","서울 서초구 방배로58, 봉심빌딩 301호 (방배동 983-11)","37.480042, 126.99896",2,"서울방배 (📞 070-4109-1914) | 서울서초서부 (📞 070-4109-1914)"
"26947cb8-81da-50d4-956f-37cc28b7f885","서울 관악구 봉천로 391 두산 아파트 상가 1동 5층 501호","37.483428, 126.943166",8,"서울봉천동부 (📞 010-2338-2487) | 서울봉천중앙 (📞 02-3285-1423) | 서울신림동부 (📞 010-4751-6417 (02-875-3488)) | 서울신림북부 (📞 010-4820-7036(02-875-3488)) | 서울봉천남부 (📞 02-882-1678) | 서울신대방 (📞 02-858-1914) | 서울신림중앙 (📞 010-9486-1935) | 서울봉천북부 (📞 010-8255-8489)"
"25238a4f-510c-5569-90c3-f19fe83bb340","서울 동작구 흑석로5길 12 (흑석동 204-12)","37.507078, 126.957062",1,"서울흑석 (📞 010-6247-1117)"
"dc95ab80-1cdb-5412-bcbd-b09680923c8f","서울 서초구 신반포로23길 41, 잠원상가 203호 (잠원동 73)","37.510369, 127.00264",1,"서울반포중앙 (📞 02-535-2000)"
"ed0a67bb-1498-5159-938a-5a1a01f6a0ad","서울 동작구 상도로82 무이비엔 빌딩 402호 (대방동336-6)","37.499469, 126.92971",2,"서울노량진 (📞 010-7722-9095) | 서울상도서부 (📞 010-6767-1307)"
"a6b72013-cfe8-5202-b3c4-f6acedb7bbc1","서울 서초구 사임당로 151, 대한무지개종합상가 305호 (서초동 1332-3)","37.49237, 127.025865",2,"서울서초중앙 (📞 02-597-7364) | 서울역삼 (📞 010-8009-6357)"
"13c1176e-9321-5523-82ac-ed41f7ec8105","서울 동작구 여의대방로 250, 대림아파트상가 507호 (대방동 501)","37.50874, 126.924531",3,"서울대방 (📞 02-3280-1914) | 서울상도동부 (📞 010-5256-1896) | 서울신길동부 (📞 010-6303-2185)"
"283a0654-5ce7-5f81-9e95-3cc74c830893","서울 서초구 나루터로 69, 샤르망 5층 (잠원동 15-4)","37.515743, 127.017402",1,"서울신사 (📞 010-3899-1999)"
"f3680b01-c61e-59d5-8157-38c9a2193aa8","서울 서초구 논현로 87, 삼호물산빌딩 B동 202호 (양재동 275-6)","37.477531, 127.044261",3,"서울대치 (📞 02-589-1914) | 서울양재중앙 (📞 02-6243-1914) | 서울양재남부 (📞 02-589-1914)"
"8ecc18fd-f01f-5357-a829-3298cf7036c6","서울 영등포구 국제금융로 78, 홍우빌딩 502호  (여의도동 43-3)","37.520873, 126.931303",1,"서울여의도 (📞 02-780-5510)"
"7cfef299-17a5-5046-b4ab-35be8d3d6ffd","서울 영등포구 신길로23길 32, 신미아파트상가 1층 (신길동 340-1)","37.501352, 126.907141",3,"서울대림 (📞 01090387959) | 서울신길서부 (📞 02-847-3378) | 서울영일 (📞 028470463)"
"582050f0-e2f8-515a-a16e-112d383e9e2c","서울 금천구 시흥대로 399, 시티렉스 311호 (독산동 291-5)","37.469411, 126.897462",3,"서울독산 (📞 010-2337-2231) | 서울난곡 (📞 010-8730-7292) | 서울가산 (📞 010-4163-1935)"
"f4e65ae8-904a-51d8-a8ac-8d1ac853fab7","서울 용산구 이태원로 211, 한남빌딩 5층 (한남동 737-37)","37.535003, 126.99728",2,"서울서부영어 (📞 +82-10-3787-1403) | 서울이태원 (📞 02-796-9922)"
"76064b66-94a5-5d94-bed5-e8fd2e9d5f65","서울 금천구 시흥대로39길 8, 한영상가 가동 204호 (시흥동 985-9)","37.447306, 126.902618",2,"서울시흥북부 (📞 0502-6683-3939) | 서울시흥남부 (📞 0502-6681-0166)"
"5377669e-3b69-540e-bf72-33acc79bcb1d","서울 강남구 학동로 342, 405-1호 (논현동 241-3)","37.516738, 127.04086",1,"서울청담 (📞 010-8616-6692)"
"526c8e5a-dd94-5f43-acab-b117a43acfd4","서울 용산구 한강대로80길 11-27 (남영동 69)","37.543161, 126.9732",2,"서울용산 (📞 010-2684-0564) | 서울남부 (📞 010-5114-1914)"
"6634fe05-eb30-54ac-bc28-6e9d9733253b","서울 구로구 구로중앙로7길 28, 극동아파트상가 307호 (구로동 314)","37.491063, 126.88975",4,"서울서부중국어 (📞 +82 10 49821610) | 서울강남수어 (📞 02-867-1914) | 서울구로남부 (📞 02) 856-9883) | 서울구로북부 (📞 010-4129-8828)"
"18ab0aad-9c46-50f0-b023-df13a27872df","경기 안양시 동안구 관악대로 346 코오롱동산타워 502호 (관양동 1450-1)","37.403412, 126.961468",3,"경기과천 (📞 010-7688-6029) | 경기안양비산 (📞 031-424-7379) | 경기안양관양 (📞 031-424-7379)"
"d38364c7-32cc-5a10-abf6-eb5779ed5043","서울 마포구 마포대로 115-8, 공덕삼성아파트상가 509호 지하철 5호선 공덕역 3번출구 효성빌딩 뒤 (공덕동 371)","37.545541, 126.951165",3,"서울마포 (📞 02-3273-0673) | 서울공덕 (📞 010-4594-0169, 010-3617-0010) | 서울일본어 (📞 070-8098-0736)"
"d485106d-e307-565f-9587-e93d98664c64","서울 강남구 개포로82길 7, 삼성빌딩 403호 (개포동 186-12)","37.48877, 127.067358",3,"서울개포 (📞 02-3411-4105) | 서울수서 (📞 02-3411-4105) | 서울일원 (📞 02-3411-4105)"
"5fca11d4-c5bb-584c-abbd-da6a5f04809b","경기 광명시 금하로 458, 웅신아트 508호 (소하동 1340-5)","37.448454, 126.883293",3,"서울남부중국어 (📞 010-6539-3650) | 경기광명소하 (📞 02-898-1914) | 경기광명하안 (📞 010-2822-3052)"
"bad50fae-bbb9-510b-8c07-966a8fc95491","서울 영등포구 당산로 180, 신우빌딩 302호 (당산동4가 31-2)","37.530262, 126.899349",1,"서울당산 (📞 02-2678-5923)"
"1efd44a3-13ae-5399-a38d-eb4b0578e9ae","경기 안양시 만안구 석수로6번길 58 (석수동 318-4)","37.411679, 126.910091",3,"경기안양박달 (📞 031-445-4890) | 경기안양북부 (📞 01093941914) | 경기안양석수 (📞 031-471-1915)"
"771f995b-9688-52e0-8198-b81fdd1ed36e","서울 마포구 백범로4길 11-18 (노고산동 112-7)","37.551994, 126.936574",4,"서울노고산 (📞 02-335-1914) | 서울서강 (📞 02-718-1935) | 서울신촌 (📞 02-337-1914) | 서울중부중국어 (📞 010-3116-8721)"
"5da12e29-8fbd-5068-8e04-a97482bf1847","경기 광주시 퇴촌면 천진암로 707 (관음리 219-4)","37.453696, 127.341301",1,"경기광주퇴촌 (📞 031-766-1935)"
"52db3da0-a20a-55c4-856b-9c16ca6508ac","경기 광주시 현산로385번길 47 (초월읍 지월리 715-1)","37.418106, 127.278483",3,"경기광주서부 (📞 031-764-5310) | 경기광주북부 (📞 0317645310) | 경기광주동부 (📞 031-764-5310)"
"378d7ebd-aaa9-5919-8348-fea4fc2ce463","경기 양평군 양서면 양수로156번길 21 (양수리 576-8)","37.546407, 127.319731",1,"경기양서 (📞 031-774-1914)"
"6173a8fc-e1af-51c3-b9f5-036778efd6fd","경기 하남시 검단산로 61-16 (하산곡동 114)","37.52139, 127.22571",3,"경기하남동부 (📞 031-795-1914) | 경기하남중앙 (📞 031-795-1914) | 경기하남서부 (📞 031-795-1914)"
"99733ab5-9bf6-5dfa-b69d-b433420c67b1","경기 광주시 곤지암읍 신대길 14 (신대리 89-2)","37.35452, 127.336657",2,"경기광주곤지암 (📞 010-5042-0089) | 경기광주중국어 (📞 010-2685-1102)"
"b2b604d9-ceea-5369-a8a7-571dc4d49f67","경기 성남시 중원구 광명로 384 창보시티렉스 203호 (금광동 2409)","37.446774, 127.168534",2,"경기성남동부 (📞 031-731-3500) | 경기성남금광 (📞 031-731-3500)"
"dae14fd0-a1f5-50ea-adb1-9d4ff4e2909a","경기 성남시 중원구 중원구 둔촌대로 388 크란츠 테크노 지하 21호 (상대원동 5442-1)","37.432647, 127.15898",2,"경기성남상대원 (📞 031-734-1935) | 경기성남남부 (📞 031-734-1935)"
"ced98020-67c3-528c-8132-58526704d279","경기 양평군 양평읍 중앙로91번길 15 (공흥리 755-3)","37.49559, 127.497887",3,"경기양평남부 (📞 010-2086-1941) | 경기양평북부 (📞 031-771-1987) | 경기지평 (📞 010-9188-0159)"
"9931efe1-ceae-5782-94f0-7f9a4e8e2744","경기 남양주시 와부읍 월문천로173번길 19 (월문리 1060-10)","37.593559, 127.228574",2,"경기남양주덕소 (📞 01044471457) | 경기남양주도곡 (📞 031-577-2549)"
"fe2cd0c4-14b7-5eda-92da-53325f989c34","경기 광주시 오포읍 오포안로 83 (문형리 748-1)","37.35321, 127.19832",4,"경기광주오포서부 (📞 031-765-1616) | 경기광주오포동부 (📞 031-765-1616) | 경기광주오포중앙 (📞 031-765-1616) | [집단] 경기광주오포서부영어"
"df7bd501-7bcf-5d31-877f-305abdeb8065","경기 남양주시 사릉로 14, 금곡프라자 508호 (금곡동 416-1)","37.63423, 127.207644",3,"경기남양주금곡 (📞 07044141914) | 경기남양주중앙 (📞 010-9813-0301) | [집단] 경기남양주중앙영어"
"b6dc700e-c2bb-5563-8ca1-e03aa5dc0fd0","경기 남양주시 경춘로1256번길 6 다모아프라자 706, 707호 (평내동 578-1)","37.645958, 127.23441",2,"경기남양주호평 (📞 031 595 1904) | 경기남양주평내 (📞 031-595-1904)"
"89525970-d904-551c-8b45-3e14d9a011e6","경기 양평군 용문면 상진길 15-4 (다문리 578-1) 네비게이션 이용시 검색 주소: 용문면 상진길 17","37.493291, 127.592096",1,"경기용문 (📞 031 774 4503)"
"88c8323c-4ce7-5341-85c7-7c57e8e0449b","강원 원주시 문막읍 명봉산길 82 (건등리 259-64)","37.313145, 127.835485",2,"강원원주문막 (📞 033-734-1935) | 강원원주지정 (📞 010-9475-0004)"
"a2eb82ee-6419-51ab-b1b7-d74c97e7ea47","강원 횡성군 횡성읍 추동로 9 (추동리 46-2)","37.488622, 128.039045",1,"강원횡성 (📞 0333431914)"
"7e95ec9b-9578-5f53-a731-b96ea5dd5b1b","강원 원주시 소초면 검엉터길 41 (장양리 868)","37.41807, 127.95891",1,"강원원주북부 (📞 033-747-2266)"
"ac16b659-a440-59d2-b3cb-1c73506aa43d","강원 원주시 봉화로 136 (단계동 506-8)","37.356677, 127.928604",4,"강원원주서부 (📞 01053315334) | 강원원주수어 (📞 01031127770) | 강원원주무실 (📞 010-5379-7575,010-2123-1935) | 강원원주중부 (📞 010-9079-9536)"
"faa46c74-c26e-5b15-800d-769abb067ce0","강원 원주시 갈촌길 106-1 (관설동 1572)","37.310613, 127.962801",3,"강원원주치악 (📞 010-9649-7570) | 강원원주동부 (📞 010-3688-1580) | 강원원주남부 (📞 010-9041-0060)"
"4fdc40de-c054-5310-a1f3-4bba09a557d7","강원 원주시 판부면 남원로 221 거장2차아파트상가 205호 (서곡리 592)","37.311491, 127.92764",2,"강원원주명륜 (📞 010-5484-9611) | 강원원주흥업 (📞 033 - 901- 1914)"
"dd8adb51-f6a1-5a5d-8db8-cca7bd2c3f15","강원 평창군 대화면 대화중앙1길 12-4 (대화리 945-10)","37.494627, 128.458183",1,"강원대화 (📞 033-336-1914)"
"fa111edb-11b9-5969-8a3c-152789a1570f","강원 평창군 평창읍 평창중앙로 119 (하리 187-2)","37.371273, 128.394891",1,"강원평창 (📞 033-334-5677)"
"3e785f92-4c61-5107-a33a-de13678c6a83","강원 횡성군 둔내면 둔방로 31 (둔방내리 577-1)","37.513906, 128.209149",1,"강원둔내 (📞 033-345-1914)"
"d7882f56-cea4-598a-80fb-9eafb3db231f","강원 정선군 정선읍 서동로 1358-4 (덕송리 339-1)","37.406486, 128.673874",1,"강원정선 (📞 010-2626-1935)"
"0e3dbafc-1743-5fd3-8206-6f6d90ce678e","강원 평창군 진부면 오대천로 1938 (하진부리 359-2)","37.627725, 128.551989",1,"강원대관령 (📞 033-336-0795)"
"f2d22e92-ebed-5623-b6bb-07516aba151e","강원 동해시 붉은언덕길 13 승우빌딩 202호 (발한동 138-7)","37.543661, 129.103211",3,"강원동해북부 (📞 010-6476-0594) | 강원동해남부 (📞 010-9204-8465) | 강원동해북평 (📞 010-9477-2030)"
"56b4995e-baa3-57ae-aeef-5b50031238b5","강원 삼척시 사직로 37 (사직동 443-1)","37.431115, 129.166434",1,"강원삼척 (📞 033-573-1914)"
"8d4fc7cf-46c2-5c9b-b4ec-ed52a9780ff7","경기 파주시 평화로 500 (맥금동 141-1)","37.7732, 126.72858",3,"경기파주금촌남부 (📞 010-3374-5963) | 경기파주금촌동부 (📞 010-6423-6390) | 경기파주금촌북부 (📞 010-2949-2414)"
"5fe67b26-2052-5940-a173-aee8dfb8749f","경기 파주시 문산읍 널다리길 97 (당동리 412)","37.87365, 126.77328",1,"경기파주문산 (📞 031-952-7300)"
"9e99c5e1-2d74-5bdf-a38b-7c2979b15181","경기 김포시 통진읍 옹달샘로81번길 114 (옹정리 110-34)","37.699473, 126.566916",3,"경기김포통진 (📞 031-987-6702) | 경기김포양촌북부 (📞 010-2923-8829) | 경기김포양촌남부 (📞 010-3711-0681)"
"fef30931-e52f-5319-95a3-c108adda6061","경기 파주시 산남로 62-19 (산남동 281)","37.700671, 126.69166",2,"경기파주운정남부 (📞 010-4722-3787) | 경기파주운정북부 (📞 031-945-1914)"
"87b219c1-e6ef-5457-9959-20033e71935d","인천 강화군 선원면 중앙로210번길 7 (창리 573)","37.72701, 126.485242",1,"인천강화 (📞 010-7259-1914)"
"2ea520a1-82b8-5c55-8102-c0fadc1299f0","경기 파주시 운정벌판길 43-9 (상지석동 970-9)","37.727927, 126.770494",3,"경기파주운정서부 (📞 010-2648-4124) | 경기파주운정중앙 (📞 010-7480-9736) | 경기파주운정동부 (📞 010-5059-0614)"
"e31448aa-79d5-5580-845a-c875b246df80","경기 고양시 일산 서구 일현로 38 세진프라자 402호 (탄현동 1574-1)","37.690558, 126.762737",2,"경기고양일산북부 (📞 031-918-1914) | 경기고양탄현 (📞 031-918-1914)"
"6d79f03b-7bfe-5eca-b33b-c8e926c98240","경기 고양시 일산 서구 중앙로 1564 405호  (대화동 2203-1)","37.676212, 126.748274",3,"경기고양일산서부 (📞 031-914-1914) | 경기고양후곡 (📞 01049282812) | 경기고양일산남부 (📞 031-914-1914)"
"4d71e921-2d79-5693-8f11-f6d4d06663b7","경기 고양시 일산 동구 경의로 515 (정발산동 1263)","37.674464, 126.783734",10,"경기고양백송 (📞 010-8865-1675) | 경기고양정발 (📞 010-2002-1811) | 경기고양수어 (📞 010-2248-0411) | 경기고양중산 | 경기고양일산동부 (📞 031-913-6065) | 경기고양일산중앙 (📞 031-913-6065) | 경기고양백마 (📞 010-2824-1490) | 경기고양강촌 (📞 010-9968-5058) | 경기고양러시아어 (📞 010-5452-5777) | [집단] 경기고양중산중국어"
"1a72da79-5a55-57fe-8091-291b8b140449","경기 양주시 광적면 현석로720번길 107-17 (덕도리 189-2)","37.845788, 126.983653",2,"경기양주광적 (📞 010-3109-7201) | 경기양주백석 (📞 010-7186-0305)"
"f3e50d0c-0665-5040-b91e-0979ee7b24df","경기 양주시 회정로 134, 두리테크 덕정타운 505호 (덕정동 208-6)","37.837171, 127.06834",4,"경기양주수어 (📞 010-2619-1935) | 경기양주율정 (📞 010-9189-1444, 010-3345-3018) | 경기양주옥정 (📞 010-2343-1452) | 경기양주덕정 (📞 010-2636-8174)"
"1b52e4f0-c5d2-5fc5-a4d7-cfe5421ad130","경기 의정부시 녹양로87번길 27 (녹양동 381-8)","37.75921, 127.032942",1,"경기의정부녹양 (📞 010-9014-1914)"
"35a5bac2-397a-50cc-a451-454c3d6ec463","경기 양주시 고덕로355번길 28-17 (고읍동 153-7)","37.804543, 127.079836",3,"경기양주덕계 (📞 010-5345-9487) | 경기양주삼숭 (📞 010-3040-5338) | 경기양주고읍 (📞 031-821-1891)"
"4288e678-653b-58fa-aac6-207fc1534b7e","경기 의정부시 가능로74번길 13-19 (의정부동 406-30)","37.74623, 127.04038",2,"경기의정부서부 (📞 010-4245-0613) | 경기의정부동부 (📞 010-7643-1968)"
"1c24d3bd-d28a-5e7c-a4e0-80ee20182a80","경기 파주시 법원읍 술이홀로 618-29 (대능리 528-2)","37.835673, 126.853175",1,"경기파주중앙 (📞 031-959-1914)"
"b6b5b83f-8b74-59bb-b7d6-1412797f0ede","경기 의정부시 신흥로258번길 25 해태프라자 903호 (의정부동 439-23)","37.7393, 127.04484",4,"경기의정부장암 (📞 031-829-1914) | 경기의정부남부 (📞 010-2644-0084) | 경기의정부영어 (📞 010-3777-2034) | 경기의정부중앙 (📞 010-4747-1914)"
"b837b11e-2e4c-55c4-a8ce-7a4e6d3f8673","경기 의정부시 부용로 95 현대프라자 301, 302호 (금오동 471-4)","37.75113, 127.06869",4,"경기의정부신곡 (📞 010-8765-8410) | 경기의정부민락 (📞 01056678551) | 경기의정부금오 (📞 031-852-1913) | 경기의정부송산 (📞 01075701252)"
"54158531-83d1-5c3a-bc50-2c0f5cb8347c","경기 고양시 덕양구 보광로162번길 61 (벽제동 571)","37.728626, 126.912402",1,"경기고양중앙 (📞 031-964-1160)"
"fb059e19-ecbd-5b22-94d4-f380b9fbdefb","경기 동두천시 못골로 147 (생연동 203-2)","37.908755, 127.06771",2,"경기동두천북부 (📞 010-2971-7910) | 경기동두천남부 (📞 010-4259-1914)"
"6def4c06-b79b-5bc2-9460-60a68b1fe373","경기 파주시 경기도 파주시 파평면 눌노리 210-2/ 210-4/ 211","37.931346, 126.863195",1,"경기파주적성 (📞 010-9630-9660)"
"d4be6972-43b0-5ea6-813b-59ba780f9dfe","경기 파주시 조리읍 전나무길 104-5 (봉일천리 8-9)","37.73752, 126.82431",3,"경기파주영어 (📞 0319447762) | 경기파주금촌서부 (📞 031-944-7762) | 경기파주봉일천 (📞 031-944-7762)"
"7cd1d264-82db-5246-be60-9d294e86f44d","서울 도봉구 도봉로 851, 럭키아파트상가 106동 308호 (도봉동 595)","37.680439, 127.045074",1,"서울도봉북부 (📞 02-955-0391)"
"d9b50f5a-52de-50b1-b279-ef1c2391974d","경기 고양시 덕양구 통일로780번길 16 태인프라자 203호 (관산동 231-4)","37.688723, 126.864294",2,"경기고양관산 (📞 010-2707-7993) | 경기고양삼송 (📞 010 5140 5454)"
"086f8549-c7be-511b-8a45-c2649b66e51d","서울 도봉구 마들로 649-20, 방학동메인프라자 502호 (방학동 718-6)","37.66835, 127.044846",4,"서울방학동부 (📞 029541914) | 서울노원남부 (📞 029541914) | 서울도봉남부 (📞 02-954-1914) | 서울노원북부 (📞 02-954-1914)"
"6a9ee0a6-ab71-5ec4-b418-9ff91c4ab97b","서울 도봉구 도당로 13 쌍문청구아파트상가 301호 (쌍문동 195)","37.6596, 127.034383",1,"서울방학서부 (📞 02-990-1915)"
"4ee643cb-942f-512c-88e7-412e31547f2c","서울 도봉구 노해로65길 7-18, 동방빌딩 601호 (창동 333)","37.651693, 127.045523",3,"서울상계남부 (📞 02-935-7624) | 서울창동서부 (📞 02-906-1914) | 서울중계북부 (📞 010-9139-3055)"
"e1534f4e-e9c3-5ac0-a706-436d8cd6b9e8","서울 노원구 한글비석로15길 48, 현대종합상가 603호 (중계동 434-2)","37.656473, 127.073498",1,"서울상계중앙 (📞 02-930-5309)"
"8505dcdc-bceb-533d-ba27-756901dfb708","경기 고양시 덕양구 호국로 798 삼성홈타워오피스텔 301호 (성사동 696)","37.657111, 126.83721",4,"경기고양원당서부 (📞 031-966-5165) | 경기고양원당남부 (📞 031-966-5165) | 경기고양원당동부 (📞 031-966-5165) | [집단] 경기고양원당동부타이어"
"99bfb563-9e40-5b7e-8fd3-e97b6091152e","경기 남양주시 퇴계원읍 퇴계원로 49-14 (퇴계원리 286-33)","37.651458, 127.140453",4,"경기남양주별내북부 (📞 010-6252-7205) | 경기남양주별내남부 (📞 010-4319-0927 ) | 경기남양주동부 (📞 02-2225-5758) | 경기남양주북부 (📞 010-5050-7958)"
"59da20b9-f89b-5060-b40d-7a9f1da57701","경기 포천시 가산면 마정로 117 (금현리 1054)","37.833064, 127.182783",5,"경기포천 (📞 0315412130) | 경기포천중앙 (📞 031-541-2130) | 경기포천남부 (📞 01092486606) | [집단] 경기포천중앙힌디어 | [집단] 경기포천네팔어"
"9a1d426f-7801-518f-a6da-9306f515d91d","경기 가평군 청평면 마지기길 31 1층 (하천리 230-23)","37.748158, 127.433958",1,"경기청평 (📞 010-7370-7625)"
"b5dd4fec-77db-577d-895e-c6e990a0296f","경기 남양주시 화도읍 비룡로379번길 24 (가곡리 284-32)","37.686016, 127.306454",2,"경기남양주수동 (📞 031-594-5933) | 경기남양주마석 (📞 031-594-5933)"
"bad82143-75cb-5f66-a6bf-b02701bd2d8d","경기 포천시 일동면 수입로 12-32 (화대리 612)","37.9709, 127.32846",1,"경기포천일동 (📞 010-3128-4131)"
"19e9db22-4889-5ef7-9f58-f084e724cb5c","경기 남양주시 진접읍 장현천로 97 (장현리 416-1)","37.724348, 127.179167",3,"경기남양주진접동부 (📞 010 32899804) | 경기남양주진접남부 (📞 031-571-1788) | 경기남양주진접서부 (📞 010-6813-1914)"
"b8cc8e39-5b9e-580b-b14e-5b4337704620","경기 남양주시 화도읍 마석로 59 404호 (마석우리 299-10)","37.656232, 127.305756",3,"경기남양주월산 (📞 010-6215-7920) | 경기남양주화도 (📞 010-4260-0528) | 경기남양주창현 (📞 01077287506)"
"8e952817-e6bc-5401-90f2-5be22aacdd35","경기 남양주시 오남읍 양지로 47-32 (오남리 564-1)","37.683281, 127.204802",4,"경기남양주오남북부 (📞 010-6630-0007) | 경기남양주양지 (📞 031-528-1935) | 경기남양주진건 (📞 010-9069-9540) | 경기남양주오남남부 (📞 010-7592-7646 김송남)"
"4ae5c6bd-7d34-5ac9-a493-00f0d8aa3157","강원 춘천시 경춘로 2275-9 (온의동 286-5)","37.858102, 127.714857",5,"강원춘천서부 (📞 01042812830) | 강원춘천석사 (📞 070-8803-1914) | 강원춘천남부 (📞 010-8741-2693) | [집단] 강원춘천남부수어 | [집단] 강원춘천석사중국어"
"7994ff2a-fa82-5c45-bcf0-9bd9dd7533dd","강원 춘천시 동면 만천로143번길 22-7 (만천리 893-18)","37.880547, 127.759271",3,"강원춘천중앙 (📞 033-257-1914  010-5821-7427) | 강원춘천동부 (📞 010-2585-7274) | 강원춘천후평 (📞 010-4102-0793)"
"9897c9fe-52c1-5789-a1ee-4e96d62312d9","경기 가평군 가평읍 가평제방길 207 (읍내리 278-3)","37.833487, 127.515427",1,"경기가평 (📞 031-582-8780)"
"2494269b-e427-5250-be36-6dfd64b38611","강원 춘천시 신북읍 샘뜨락길 20 (산천리 204)","37.943826, 127.752683",1,"강원춘천신북 (📞 010-2051-4291)"
"655da184-7943-5c75-9a21-97f0adcaeb8a","강원 홍천군 홍천읍 공작산로 100 (갈마곡리 135-2)","37.691198, 127.903028",2,"강원홍천북부 (📞 0334340185) | 강원홍천남부 (📞 010-2747-6350)"
"7640880f-06f6-5bed-99e9-839a4e924560","강원 인제군 기린면 한석산로 3188-1 (현리 479-5)","37.968924, 128.323703",1,"강원기린 (📞 033-461-0871)"
"d97adae3-46e6-5004-a576-55cf52a5465f","강원 강릉시 주문진읍 금용길 36-4 (교항리 741-1)","37.877639, 128.818548",3,"강원강릉주문북부 (📞 01050431914) | 강원강릉수어 (📞 010-4744-2766) | 강원강릉주문남부 (📞 01030948079)"
"1410ae01-3ac6-5352-aafa-eab2eae8e25e","강원 강릉시 율곡로2687번길 12 (노암동 162)","37.746703, 128.90924",4,"강원강릉남부 (📞 033-653-1914) | 강원강릉북부 (📞 033-653-1914) | 강원강릉성덕 (📞 033)653-1914) | 강원강릉동부 (📞 033-653-1914)"
"0638202e-ad98-58f6-a5ed-9f7a195f631e","경기 연천군 전곡읍 평화로908번길 39-1 (은대리 245-17)","38.04954, 127.06972",1,"경기전곡 (📞 0318325652)"
"01f103c2-9688-5cfe-b3ee-de0f422b6bc9","경기 포천시 관인면 창동로 1780 (초과리 139-4)","38.1536, 127.2463",1,"강원철원 (📞 01048744479)"
"3bd69cda-c7bf-5276-bd8a-0e8271d5b21d","강원 화천군 화천읍 산수화로4길 45-11 (중리 244-10)","38.108393, 127.70891",1,"강원화천 (📞 01087058159)"
"e04ad4ae-edfc-5417-ba71-2ade69b818bc","강원 화천군 사내면 사내로3길 39-11 (사창리 798-9)","38.067886, 127.517546",1,"강원사내 (📞 033-441-1914)"
"991abd71-c2b5-5c01-abfa-62b93128f863","강원 양구군 남면 정중앙로 6-6 (죽리 222-5)","38.084609, 127.997723",1,"강원양구 (📞 033-482-1914)"
"8100dce7-0f6e-5371-88c5-1558886af10f","강원 인제군 인제읍 인제로103번길 26 남북리 261-1","38.065777, 128.162949",2,"강원인제 (📞 010-3272-2676) | 강원신남 (📞 033-462-1933)"
"bd7157f7-790f-5b7e-ac3e-7a3f470ba715","강원 속초시 조양로10번길 7 (조양동 1376-7)","38.18704, 128.599772",1,"강원속초조양 (📞 033-635-3955)"
"bad3efad-98b6-5271-a1aa-df11f71c361c","강원 속초시 영랑로 22-3 (영랑동 210)","38.214341, 128.59245",3,"강원속초남부 (📞 033-632-1914) | 강원속초북부 (📞 033-632-1914) | [집단] 강원속초북부영어"
"bf15df5b-6b2c-515e-852b-edb2e9f46384","강원 양양군 양양읍 관아길 13-23 (구교리 204-7)","38.078025, 128.624545",1,"강원양양 (📞 033-671-1913)"
"ab1bd6ad-0795-54ef-a8d6-caec9aa3d3e2","강원 고성군 간성읍 교촌길 71 (간촌리 42-10)","38.377874, 128.45155",1,"강원간성 (📞 033 681 1914)"